Name,Team,PA,FF,wFT/C,FC,FS,wFO/C,SI,SL,CU,wKC/C,wEP/C,CH,wSC/C,wKN/C,NameASCII,PlayerId,MLBAMID
"Nick Castellanos","PHI",589,-1.1566111739252654,,-1.035148473013015,2.558800002984833,,-0.4087862284744487,-0.2815443436540553,-1.3292916705099385,1.7270951043991816,,-0.5179771549625484,,16.002821922302246,"Nick Castellanos",11737,592206
"Ketel Marte","ARI",556,1.0539977145231518,,4.138253313122374,0.004088205924211455,,-1.5338872475598855,0.7470333266201876,2.7560881370507575,7.534412542978923,-7.206751108169556,2.0512632348320703,,8.921898901462555,"Ketel Marte",13613,606466
"Chase Meidroth","CHW",505,0.06727280433632246,,-0.24976369991801142,3.6080564222028175,,-1.0119736194610596,-1.3456541877548183,1.8425136804580688,-1.7011526558134291,,-2.224425592366055,,3.5962454974651337,"Chase Meidroth",31580,805367
"Trea Turner","PHI",639,0.9153597453642174,,1.339504852161541,1.5309958315607326,-7.098075747489929,1.0379957017444428,1.7569862650806793,-1.2514706471520012,-1.59081777968964,46.39679590861003,-0.041223282210305016,,3.561019003391266,"Trea Turner",16252,607208
"Jacob Wilson","ATH",523,0.8822885833302344,,-0.23709793090820314,4.348031212301815,,-1.9047307968139648,2.1296406713660785,-0.13626714547475177,8.539081536806545,,5.123756726582845,,3.507758677005768,"Jacob Wilson",33266,805779
"Wyatt Langford","TEX",573,1.0008784502226027,,-0.546291757778949,-0.20725137243668237,,-0.2159545625128397,0.36442951417305103,-1.0091538390805643,4.970244099112118,35.189708073933915,0.05661362507304207,,3.507758677005768,"Wyatt Langford",33333,694671
"Trevor Story","BOS",654,-0.8551631459938566,,0.925281406503863,-0.601646349980281,0.7554743438959122,0.5883013581953986,1.822768178587069,-1.0494989844468923,-4.065585643687147,20.615392923355103,0.5939030647277832,,0.9711117297410966,"Trevor Story",12564,596115
"Alec Bohm","PHI",504,0.1764339364093283,,2.4488534098086148,1.4626567733698879,3.6378834396600723,-2.844827969868978,-0.11565900920482164,1.034056071577401,2.9867271097694954,-30.201393365859985,3.0752508980887274,,0.6537792272865772,"Alec Bohm",21618,664761
"Kyle Schwarber","PHI",724,2.948058616476665,,2.454130197393483,0.3878297131569659,-6.183432415127754,2.175352421212704,-0.008852015277505077,0.7773060634218413,-3.5266463718717063,-6.39261245727539,2.0692874816049756,,0.14096334990527895,"Kyle Schwarber",16478,656941
"Josh Smith","TEX",563,0.05001821698308273,,0.44920471938032847,0.469178126917945,,1.467204899401278,-0.035831171113091545,-1.5171387952244926,-1.0926534732182822,16.73971563577652,-0.1833462196847667,,-1.5978902578353882,"Josh Smith",26396,669701
"Bryson Stott","PHI",560,0.7073972454708077,,-0.4547271152470736,0.3267918134990491,-8.371018369992573,-2.2173351116394726,0.3611100263314337,-0.18594852932121445,3.276835303557547,-5.064695701003075,0.463239053885142,,-3.033306698004405,"Bryson Stott",26294,681082
"Bryce Harper","PHI",580,1.3685605742714622,,2.8872648874918623,-0.54456507031982,6.123773008584976,0.04059020039084908,1.073264990228906,-0.0022783013644503123,-1.0008708635965984,,3.061463402920082,,-4.012841257182035,"Bryce Harper",11579,547180
"J.T. Realmuto","PHI",550,-0.32292842104484404,,-2.081507540004139,1.032709151926175,0.5497664213180542,-1.2009447880005568,1.1820928240806479,-0.3486751317977905,-1.8013907968997953,19.27044689655304,-1.8930914215228527,,-4.318116392408099,"J.T. Realmuto",11739,592663
"José Ramírez","CLE",673,1.2335470277969152,,-0.004836041546120661,2.1561215109858956,,0.8752847746979419,-0.37398867835216476,1.5731610749897202,-1.1492062306058581,,1.9937288833096236,,-6.082005053758621,"Jose Ramirez",13510,608070
"Ernie Clement","TOR",588,-0.7908950328826905,,0.49655233718910996,1.5848181077412198,,0.30122278065517033,-1.2063340442936594,-2.010117483533118,-2.100446132513193,37.69925965203179,0.31582023948431015,,-6.407279272874196,"Ernie Clement",20352,676391
"Lawrence Butler","ATH",630,-0.2339338262875875,,-1.17235349503574,0.34869441555605996,,1.0753860076268515,0.019918030144971444,1.0808352452174872,-0.6145505410320354,-14.472070336341858,-0.9477365440523564,,-12.765638530254364,"Lawrence Butler",22542,671732
"Freddie Freeman","LAD",627,0.945464064495993,,2.866512736635345,5.862597985701128,13.714475631713869,-0.8246212800343832,0.43497225662028444,1.449929991143239,-1.9618347042896709,,1.839262225252368,,,"Freddie Freeman",5361,518692
"Jose Altuve","HOU",654,1.9361095641975972,,0.19242897839613365,1.2411142267831943,,0.11387418987404588,-0.8301773959139952,0.41831418764676975,-1.5705274908166182,,-1.784796160320903,,,"Jose Altuve",5417,514888
"Salvador Perez","KCR",641,-0.2624120004763006,,2.659332560982934,-3.3198678268576565,-23.04551899433136,0.05997831137022386,-0.30951570830248143,-0.6810164139940847,3.533467333367531,-2.779441326856613,-2.5356074803555173,,,"Salvador Perez",7304,521692
"Paul Goldschmidt","NYY",534,0.6218155732931802,,0.7898877967487682,-0.11329437295595805,,-1.187971288507635,-0.29436283386670625,1.5396012669115995,-0.952586717903614,,0.8091730915981791,,,"Paul Goldschmidt",9218,502671
"Andrew McCutchen","PIT",551,-1.5796513290879148,,1.277899355501742,3.626197576522827,,-1.0025714573107267,-0.07550208263304477,0.1248116690688338,2.71583773471691,46.637773513793945,2.12250917385786,,,"Andrew McCutchen",9847,457705
"Mike Trout","LAA",556,1.0499433266310505,,-0.052291665226221085,-0.47079648109192546,-0.9465160220861435,0.007361754751543894,-0.5354248560391939,0.9098241241966806,5.742737753637906,-6.359095871448517,-0.07174902341582558,,,"Mike Trout",10155,545361
"Marcell Ozuna","ATL",592,0.22463213134828589,,1.2098235197556324,-2.1414766606596327,-3.9039283990859985,0.7270578777088839,0.6665253424429678,1.4221098616316512,1.0667185698236739,,-1.2061823760309527,,,"Marcell Ozuna",10324,542303
"Christian Yelich","MIL",644,1.2432416651045846,,0.20741256632546123,1.4806364476680756,,0.04616300670468078,-0.141573830989072,-0.26066322480478593,0.43866063578654146,15.545924504597982,2.785185325977414,,,"Christian Yelich",11477,592885
"Manny Machado","SDP",678,-0.07146826833120434,,-2.2381649254271703,-4.040276359867405,,1.1539865912659082,0.5108510746675379,2.7400804247174944,3.061039073794496,22.93163239955902,0.09146979626487284,,,"Manny Machado",11493,592518
"Willson Contreras","STL",563,1.6096467648760386,,0.5232937023287915,-0.08447486644899341,,-0.8200516303380331,0.07658560848768863,0.32067744986816027,4.702748145375933,,-0.7466243373023139,,,"Willson Contreras",11609,575929
"Xander Bogaerts","SDP",552,-1.8185968200365703,,0.9551300722009995,2.088648491892321,,-1.80073776569083,0.47876790535351466,2.840858148344865,1.4261319087101865,,2.4351321125482492,,,"Xander Bogaerts",12161,593428
"Marcus Semien","TEX",534,-0.9066809920872057,,-1.302247616782117,-3.818950482777187,,0.3387160751284385,-0.3451581864917439,0.6529252505996852,5.642248644973293,,-0.5775104177759048,,,"Marcus Semien",12533,543760
"Eugenio Suárez","- - -",657,0.43600660664528096,,2.4152891097530245,2.425945516842515,-4.272777338822683,-0.6590061115496086,1.1069943773729676,-2.904897704720497,6.896911064783732,14.171543717384338,0.9116176783182975,,,"Eugenio Suarez",12552,553993
"George Springer","TOR",586,2.3773228011048424,,0.8202622153542258,-0.5367792211472988,,2.6672108647805315,2.3754284237370347,1.5392483688714935,-5.089129069272209,-8.916488885879517,1.1570755055915551,,,"George Springer",12856,543807
"Francisco Lindor","NYM",732,1.180498927775525,,0.17060529101978647,1.3665034570766768,,1.3558063923012802,0.6972514841545142,-1.2917477582258003,4.049592926388695,,0.045667646318366846,,,"Francisco Lindor",12916,596019
"Brandon Nimmo","NYM",652,-0.525228539083758,,-0.002511033826336569,-0.34594095723573554,,0.7669984812363781,-0.13308004545845134,0.17839349148904576,-0.5686561454017207,-11.08335018157959,6.052290951764142,,,"Brandon Nimmo",12927,607043
"Teoscar Hernández","LAD",546,0.8913622134261661,,-2.349550549576922,-0.5712840954462687,-1.141403429210186,-1.43367731118504,-0.6971397046093998,3.5943984985351562,-1.6528513071671973,,0.8898649808656366,,,"Teoscar Hernandez",13066,606192
"Josh Bell","WSN",533,0.3480724117346407,,-0.22092323554189583,-1.0884970426559448,-9.227477652685982,-0.8551744853748995,1.4084564118427763,-0.016518914536840613,6.4989447593688965,3.837495048840841,-0.8650698904263772,,,"Josh Bell",13145,605137
"Jorge Polanco","SEA",524,-0.14757777020435206,,1.8388587633768716,-2.363793900672426,,2.2874360614352756,1.2405435466233579,1.7504810106636275,-1.7020291631872002,-4.239397247632345,0.9723129072738568,,,"Jorge Polanco",13152,593871
"Christian Walker","HOU",640,-0.5802953895506675,,-2.2338264064701723,2.330413886478969,,0.03136784497291509,0.6951875108129838,0.6802223890255659,0.09995329786430705,7.140806317329407,-0.8884444137929017,,,"Christian Walker",13419,572233
"Mookie Betts","LAD",663,0.8727397151927851,,-3.408521848686775,5.864437103271484,,0.025754420212654523,-0.09604843869831993,-2.4825404672061695,-1.3815226879986848,,0.26760764267979836,,,"Mookie Betts",13611,605141
"Byron Buxton","MIN",542,1.1249487582235242,,1.773606532465213,3.9234313699934216,,1.2253756080168843,1.1061825250324449,2.157119176920178,0.5836312014323015,,1.2045801473609152,,,"Byron Buxton",14161,621439
"Carlos Correa","- - -",584,0.5030803246931597,,-1.8736757987584822,1.4320242638681449,,-0.8467946680315048,-0.2621199499885991,-1.1344222257197913,-0.6583060324192047,,1.825550032986535,,,"Carlos Correa",14162,621043
"Matt Olson","ATL",724,0.6101245475482113,,1.2296295367212737,2.168534682677673,8.045985102653503,1.0346867821433328,0.13513384120804922,0.8805400817120661,5.272673185055073,,1.2799342756169547,,,"Matt Olson",14344,621566
"Mike Yastrzemski","- - -",558,-0.5435176112905241,,-0.8191534862426167,2.3042842083507113,-3.4551637868086496,0.07006032636549589,0.9177778826819525,-1.0166563015235097,1.0556823440960474,,3.070280608676729,,,"Mike Yastrzemski",14854,573262
"Ryan McMahon","- - -",586,0.7952841939152898,,-0.008709295229478317,-2.9575525359673933,-1.8854377361444328,-1.622428854957956,-0.7272595145345271,-1.6579972112120078,3.2741479078928633,-10.853798687458038,-0.20452813478186727,,,"Ryan McMahon",15112,641857
"J.P. Crawford","SEA",654,0.5216393838910496,,0.9898167222602182,-4.75916862487793,,-1.355972403571719,-1.3654207502092635,2.062306704221072,0.47952486918522763,77.08179354667664,1.5890085799062352,,,"J.P. Crawford",15491,641487
"Aaron Judge","NYY",679,3.019236538028577,,6.504554748535156,-2.5887579829604537,,5.632388326856825,1.4742531681692363,-0.1619430924906875,-1.110902564092116,-30.201393365859985,3.086729245643093,,,"Aaron Judge",15640,592450
"Willy Adames","SFG",686,1.232619916769501,,-2.166143137747081,1.9282690940364715,-4.376190900802612,0.00721879727948157,-0.149956278536452,-1.438179200525442,1.081094336002431,0.9300691740853446,-0.9809484565835693,,,"Willy Adames",15986,642715
"Cody Bellinger","NYY",656,-0.10312482732803029,,1.8703375471399184,-3.683088897565089,,1.536452163000848,0.37972379189271194,3.7660217817935195,-2.5341726638175346,-10.853799432516098,1.296755352859977,,,"Cody Bellinger",15998,641355
"Ryan O'Hearn","- - -",544,0.558396162810149,,-0.6105496778207666,4.010173313471736,,1.5057213630410438,0.5061379850727238,0.3375486296447203,3.2488854919991845,0.11756010353565216,-0.5119560315058782,,,"Ryan O'Hearn",16442,656811
"Matt Chapman","SFG",535,0.8101713948133514,,-1.687232322163052,1.4015573522318965,7.758663892745972,0.15068334110533993,0.922286651822418,1.7151610056559246,-0.9596549651839515,-5.379778519272804,-2.160481810569763,,,"Matt Chapman",16505,656305
"Ozzie Albies","ATL",667,0.19832776854242976,,1.7784317334493,-0.4857156703721231,-8.208699524402618,-0.4986019414148213,0.5134256727971379,-1.5709494600201597,-1.1508025621113023,,-1.9855957489471894,,,"Ozzie Albies",16556,645277
"Yandy Díaz","TBR",651,2.363123562400795,,-2.371696645563299,2.492173353830973,,0.6672167975055284,0.7238256055756477,0.8583340742816664,-1.0524164140224457,3.5335650046666465,3.1055684041495275,,,"Yandy Diaz",16578,650490
"Gleyber Torres","DET",628,0.6542135721229645,,1.9972122192382813,4.28750570430312,,-0.07825646325751322,-0.6363449096679688,-0.9099574065675922,2.4392537772655487,,1.4548847267219613,,,"Gleyber Torres",16997,650402
"Rafael Devers","- - -",729,0.7426843907486208,,1.6034268925332618,3.200171761593576,-4.546084544724889,-1.0495742185011196,1.6156114604738023,6.622251432541518,-6.88135729116552,14.416029262873861,-1.8253234353395973,,,"Rafael Devers",17350,646240
"Taylor Ward","LAA",663,0.7826099467818022,,-2.4814829064124577,1.1128491734805173,3.8997385650873184,-0.0739986381747506,0.8058096470207925,1.1828342505863736,0.9796412327350715,46.637773513793945,0.12746172550633467,,,"Taylor Ward",17548,621493
"Ian Happ","CHC",663,-0.33287622153256247,,0.03935110289603472,4.8230369040306575,,3.5883372480219062,-1.5746261813853044,2.2845254880245602,7.940737406412761,-4.217307269573212,-0.565735721365833,46.637773513793945,,"Ian Happ",17919,664023
"Jake Cronenworth","SDP",515,1.3730405667506227,,-0.7565599420796271,1.1541918302193666,,0.36372146228464636,0.5865719429282255,-0.03376381737845285,-0.36268022499586405,-0.2790664633115133,-1.8936851547985543,,,"Jake Cronenworth",18036,630105
"Dansby Swanson","CHC",645,-1.3072458902994792,,3.516083711769149,-0.30139546703409265,,0.0957020731533275,-0.14433376348702012,-0.5475054906067235,10.547208786010742,-5.0872766971588135,-0.5084761274539359,,,"Dansby Swanson",18314,621020
"Kyle Tucker","CHC",597,1.1300697326660156,,-0.9307121482130658,1.0777422040700912,,1.644584133818343,-0.016966900216663344,2.264720598856608,1.016693529875382,,2.216226678145559,,,"Kyle Tucker",18345,663656
"Trent Grisham","NYY",581,1.494539547436343,,5.104878390276873,2.1550709346555315,,-0.37243944225889264,-0.576898580839654,1.3121610369001118,-1.3769106354032243,,1.043330421743467,,,"Trent Grisham",18564,663757
"Luis Arraez","SDP",675,0.5555623000667942,,-0.986351836018446,-1.6812508756464177,,-2.8491309005970007,-0.6882613758708156,4.408933742936835,2.450671046972275,-16.81063324213028,1.9614475795200894,,,"Luis Arraez",18568,650333
"Ke'Bryan Hayes","- - -",570,-1.1818916193451252,,-0.5208578569437164,1.1311548929183912,-23.855803906917572,-2.9023264979456993,-0.7812930798445124,0.48330753080306516,-1.2125849723815918,-26.249641180038452,1.053378147672313,,,"Ke'Bryan Hayes",18577,663647
"Josh Naylor","- - -",604,1.486227535507054,,2.1436419306682937,0.20711833668738297,-3.1849960486094155,0.1487210962423094,-0.021530452527497943,2.3782368811815147,-8.108967313399681,,1.082085742641557,,,"Josh Naylor",18839,647304
"Brandon Lowe","TBR",553,1.5545549527020521,,0.36822898047310965,-0.5897563822725986,,1.0517896566175877,-2.159559726715088,0.3229491813208467,0.07842220869418737,-8.47879449526469,2.644257252827448,,,"Brandon Lowe",18882,664040
"Lourdes Gurriel Jr.","ARI",546,0.13555797711342968,,-5.121708617490881,-3.6965493232973166,-5.621311068534851,0.47751936996192257,1.074527521602443,-0.6315234104792277,6.185775995254517,-30.201393365859985,-1.169006952217647,,,"Lourdes Gurriel Jr.",19238,666971
"Pete Alonso","NYM",709,0.7416824975801446,,2.8906708810387585,-1.0807454586029053,,1.4322353481833912,0.33669666300835616,-1.2269886661337934,2.6406745477156206,5.061047772566477,1.0240160851251512,,,"Pete Alonso",19251,624413
"Adolis García","TEX",547,-0.14353435147892343,,-3.4473727520247155,-2.544420643856651,,-0.041252867348732486,-0.6405300097141218,-0.021410585139636642,-6.113228431114784,61.85978651046753,-1.546657222440873,,,"Adolis Garcia",19287,666969
"Randy Arozarena","SEA",709,0.4015166030917215,,-0.038297949111567135,-1.0384845890496908,,0.5902210574283778,-0.15299631431039457,3.4327172929314287,1.6766032824913661,,-0.5096962957671194,,,"Randy Arozarena",19290,668227
"Bryan Reynolds","PIT",654,-0.354791031734837,,2.4406214229396133,-1.3526898005913044,-7.235963003976005,0.9348620874596261,-0.35800049921314797,-2.07855895214283,1.8004684014753862,,-0.2359582651719201,,,"Bryan Reynolds",19326,668804
"Zach McKinstry","DET",511,0.3018865392014787,,-0.371397878184463,-0.7553663598485739,,0.41291749299462166,0.4663310843527479,-1.0190194779699977,-1.8992885947227478,25.693929195404053,2.19205076044256,,,"Zach McKinstry",19392,656716
"TJ Friedl","CIN",685,0.23054751482876865,,0.6064963948195148,-0.941622257232666,,0.29259709254750665,1.4847318242105205,1.2443822224934895,-0.5439411931567723,-5.155238509178162,-0.5007435601071057,,,"TJ Friedl",19522,670770
"Nathaniel Lowe","- - -",609,0.11429609036913105,,-0.293108532289127,-0.028422630968548,-0.40383879095315933,-1.8995173275470734,-0.18994643407709458,-0.11426931933352823,7.495922247568767,-1.1117765307426453,-0.056568873160093736,,,"Nathaniel Lowe",19566,663993
"Otto Lopez","MIA",594,0.1887746090248201,,-2.7579793031664863,-0.30112175004822866,-0.43094996362924576,-0.35834144620062075,0.48695156425783487,-0.29923941967261103,3.1966230448554547,18.694772322972618,-3.3372696840538167,,,"Otto Lopez",19608,672640
"Vladimir Guerrero Jr.","TOR",680,1.3108832839591507,,-0.2294824999782879,0.5335417233015362,,2.1952322687968673,0.10304564419511833,0.7666894883820505,8.464533441206989,-4.605216532945633,-0.020207658720513187,,,"Vladimir Guerrero Jr.",19611,665489
"Bo Bichette","TOR",628,-0.4279862136102151,,-1.0190401833488028,4.37927551758595,,1.3366691401747406,1.7041645235228307,3.38527570336552,-1.2661190593943876,9.653443098068237,2.664529916011926,,,"Bo Bichette",19612,666182
"Brent Rooker","ATH",699,1.0950959391064115,,3.5287926648114176,3.4776184293958874,-6.423913439114888,-1.3632404704053862,0.7276892246684962,0.4642571868567631,-1.7620821793874104,-8.47879449526469,0.7419777248794609,,,"Brent Rooker",19627,667670
"Fernando Tatis Jr.","SDP",691,1.1716234116327195,,0.8731377465384348,-0.3412904048507864,,2.6778697041631903,1.2846021699985002,1.047791894628198,-2.442581786049737,,-1.6011399793789873,,,"Fernando Tatis Jr.",19709,665487
"Shohei Ohtani","LAD",727,1.1868126854802397,,2.9246379512016762,3.0337552411840596,-4.606658965349197,1.8291118476964252,2.164064923989915,2.209309970631319,4.853825837793484,,2.2768358282140784,,,"Shohei Ohtani",19755,660271
"Luis Rengifo","LAA",541,-0.5147783951918767,,-1.9570803441921203,0.08145251444407872,50.67869424819946,0.7519184172838583,-1.8416748311172733,-0.11989307505163278,-2.184723552904631,-10.717343538999557,-0.011489061105191408,,,"Luis Rengifo",19858,650859
"Gavin Sheets","SDP",545,-0.03646798851793323,,-0.4339267686009407,1.8593338738500542,,-1.5717316663801464,-0.07968017549225778,0.9598503151093143,1.9627722104390461,,0.5799258408481127,,,"Gavin Sheets",19901,657757
"Gavin Lux","CIN",503,1.4735360660463432,,-1.3793282483884801,1.1971905401774814,,0.7115670964737568,-1.0880273448747264,-0.3161776969783114,-3.393316517273585,4.161593317985535,0.9546419805731655,,,"Gavin Lux",19955,666158
"Juan Soto","NYM",715,1.5068660741096727,,3.8790353139241533,2.7773968047565885,,0.014426355552187598,0.9248120752395008,1.9781624398580413,0.29565956610352245,15.545924504597982,2.416723318267287,,,"Juan Soto",20123,665742
"Miguel Vargas","CHW",569,-0.26496728261311847,,0.22944897717359114,1.5075123310089111,,-0.5968577647335315,0.5359644249842163,-2.712764703866207,6.7529935585825065,-11.767609417438507,-0.8507913067227318,,,"Miguel Vargas",20178,678246
"Jo Adell","LAA",573,0.269573759149622,,0.6431055068969727,1.7114310264587402,-7.331446558237076,-0.9059855779012045,0.9697356903026225,0.9299782151026084,-2.377261755601415,,0.34052757422129315,,,"Jo Adell",20220,666176
"Luis García Jr.","WSN",526,-0.14293293579150054,,1.7687138389138615,-3.535734032684902,-3.391270765236446,-0.5448047349702066,-0.7581422466258104,-0.9656436006787796,6.790853709709353,3.4021273255348206,1.4264138321898299,,,"Luis Garcia Jr.",20391,671277
"Jazz Chisholm Jr.","NYY",531,0.7275537576818705,,1.9680301979105308,0.6744026649193686,,-0.1414481716876997,-0.8099773721513486,1.4617115678921553,13.886945478377804,7.090924978256226,1.7485908695034211,,,"Jazz Chisholm Jr.",20454,665862
"William Contreras","MIL",659,0.09679505430116243,,0.017094481522324442,2.839810240502451,7.574967145919801,0.17459120314854842,-0.14109650457447226,2.4409397513465545,5.985605089288009,-10.853798687458038,1.0999840211103307,,,"William Contreras",20503,661388
"Lars Nootbaar","STL",583,-0.10843005613268455,,0.5182696067220797,-3.134868231164404,-18.15544068813324,-0.9329544779766037,-0.9434501169181545,0.2074932610547101,6.871506674536343,4.10909503698349,1.9691781086080213,,,"Lars Nootbaar",21454,663457
"Nico Hoerner","CHC",649,0.6026592028247142,,-0.4096815278453212,-4.0380120277404785,,0.16489333685418664,0.1814113791536585,-0.46973130641839445,8.603522181510925,8.310058216253918,2.3277047276496887,,,"Nico Hoerner",21479,663538
"Trevor Larnach","MIN",567,-0.36068323366236615,,0.4624607152496742,-0.10596795947150847,,-0.5039507692510431,-0.024171658645469076,0.27628151026177916,-2.140262871980667,,0.7792155830948442,,,"Trevor Larnach",21501,663616
"Jonathan India","KCR",567,-0.8662114739418031,,-0.6989344954490662,1.547212558880187,,-1.763218729119552,0.8806110627694388,3.893822375859055,1.954888254404068,12.98760175704956,-1.239140192667643,,,"Jonathan India",21523,663697
"Cal Raleigh","SEA",705,1.0882479627060617,,0.25278017255995006,2.9310925801595054,,5.9624667640204905,0.44545849550117567,1.505928599473202,1.5637031623295377,-1.0165849700570107,1.3283703806075886,,,"Cal Raleigh",21534,663728
"Jeremy Peña","HOU",543,3.41011056876242,,-0.8007527851476901,2.1594920466023106,,1.7098818648824454,-0.08123909265810168,1.3354074807814609,-1.4878133535385132,,-0.5803736181207042,,,"Jeremy Pena",21636,665161
"Oneil Cruz","PIT",544,-0.16826988495502276,,1.8005771769417658,1.572067179578416,,0.7620702669458481,-1.147276378813244,-1.420634510607868,-0.6250295130645528,,-0.7523826509714127,-74.70800876617432,,"Oneil Cruz",21711,665833
"Brice Turang","MIL",659,0.1836493208601668,,7.8433415747636195,-2.938006179673331,-8.820629119873047,0.23922192052080127,1.1912608791042019,-0.16820870252898695,3.9140694281634163,-25.436383485794067,0.5834050539160976,,,"Brice Turang",22186,668930
"Xavier Edwards","MIA",619,-0.8087246506302446,,4.5697893919768156,-0.5422417439666449,-6.236255168914795,-0.3865808160607442,0.5122752873213975,0.16296947641032083,3.646981053882175,,-0.5255035587124057,,,"Xavier Edwards",22266,669364
"Heliot Ramos","SFG",695,-0.50480100259497,,-1.5311117380694614,-2.615022659301758,-1.014882858310427,1.2157287392565,-0.22154610377911943,-0.09842453790562494,1.9845440032634327,-21.707597374916077,-0.06338531294694313,,,"Heliot Ramos",22515,671218
"Alejandro Kirk","TOR",506,0.6163528347991839,,-0.2314559986136552,3.319199239054034,,-0.5701116893602454,-0.7853428371943378,-0.7866587660728244,1.8307756919127245,-8.009603288438585,5.574530410766601,,,"Alejandro Kirk",22581,672386
"Maikel Garcia","KCR",666,-0.0743785288214369,,-2.328190803527832,1.1154673138602835,3.5962454974651337,0.10820654028520019,1.291722300639405,2.9551902124958653,9.45805499428197,-8.47879449526469,1.864561731415677,,,"Maikel Garcia",22715,672580
"Geraldo Perdomo","ARI",720,0.583648450353402,,1.5719076420398468,0.8821311955140015,-6.188854078451792,1.5680951094693425,2.1300799437243527,0.9365336559309425,3.778219223022461,77.08179354667664,0.6435363762931428,,,"Geraldo Perdomo",22799,672695
"Lenyn Sosa","CHW",544,-0.7215573016862223,,0.9693223237991332,-0.6628043949604034,,-0.6412319365264364,-0.40270480872189846,0.5276796304517323,-0.6229796522372478,,1.2975021644874856,,,"Lenyn Sosa",22896,672820
"Yainer Diaz","HOU",567,-0.06401249358015314,,-1.467964994279962,-2.3027739054720167,,1.3465340457745452,-0.8400492605994311,-0.8849249945746528,-4.092046245932579,0.7167473435401917,0.7279118958939897,,,"Yainer Diaz",23003,673237
"Eric Wagaman","MIA",514,-0.25319953250069904,,-3.839241623119184,-2.194903020201058,2.677178755402565,-1.0636827902879544,0.5539113868453459,0.8921700810629225,0.33895276925143075,,-0.4151765629649163,,,"Eric Wagaman",23395,676572
"Julio Rodríguez","SEA",710,1.055807809204797,,-2.4800685960419324,3.0610183253884315,,1.970022073201403,0.06143676317655123,0.10851675271987915,-1.7474109218234106,,0.7327556107114639,,,"Julio Rodriguez",23697,677594
"Ceddanne Rafaela","BOS",587,-0.22718187478872445,,-2.5560591902051653,-0.7736951112747192,-11.283513903617859,-2.708071219820936,0.13576735710275584,1.3123919632261163,3.1967526481997584,3.1290876013892035,1.5263070887569927,,,"Ceddanne Rafaela",24262,678882
"Addison Barger","TOR",502,-0.9050964180979443,,0.10308319839035592,7.126084495993222,,-0.02868684284664966,0.7693706185184919,-1.95593171649509,1.676322854295069,4.356671497225761,0.2691522299074659,,,"Addison Barger",24598,680718
"Steven Kwan","CLE",693,-1.0010715552069582,,-0.020802445385767067,-0.9096521034575346,,1.1476740931833027,0.04459474682807922,1.625613317097703,3.7669314278496637,,0.7594106878553119,,,"Steven Kwan",24610,680757
"Jarren Duran","BOS",696,0.8403061615082805,,1.3851499805847802,5.358207047875248,38.81629705429077,0.260476133815145,-0.7266378212355806,-1.6431483567929734,4.9134980307685,7.9628126961844305,-0.2782429737474007,,,"Jarren Duran",24617,680776
"Brendan Donovan","STL",515,2.0095066555840186,,0.06974804811848852,0.12907698040916807,-0.003631546029022762,-2.0887983523733245,0.2059214862424936,0.08434484242111125,-2.21101334018092,,4.047321942117479,,,"Brendan Donovan",24679,680977
"Andy Pages","LAD",624,0.33505980961907333,,-1.2581349855445954,3.7977229717165923,8.921898901462555,-0.8268241840312135,0.681631838689085,3.0156980326146257,-1.0140642523765564,,0.4313103530717933,,,"Andy Pages",24816,681624
"Brenton Doyle","COL",538,-0.8691252869739023,,-5.011314776406359,2.840381083281144,-2.3911377558341393,-0.9341249158305507,0.05669472535161207,-1.183378469376337,-2.5591424107551575,-16.81063324213028,0.2755705500021577,,,"Brenton Doyle",25479,686668
"Joey Ortiz","MIL",506,0.2735130255230628,,-2.2052909573938093,-3.2233909420345137,5.883142848809561,-2.5744476318359375,-1.9027221202850342,0.44063026205115363,-4.919557417592695,46.637773513793945,-2.366443191255842,,,"Joey Ortiz",25493,687401
"Bobby Witt Jr.","KCR",687,0.5424914128132704,,1.527249018351237,2.3431688991945183,-6.412915140390396,-0.7867493187657562,0.8035708255455142,4.515382811779112,6.5513177351518115,3.2541271299123764,2.322618166605632,,,"Bobby Witt Jr.",25764,677951
"CJ Abrams","WSN",635,0.20083740816103463,,1.5718432105317408,1.110624841281346,-4.825069308280945,1.9609259320543957,-0.5204361437004564,-2.329964352093534,-3.519055578443739,25.693931182225544,2.3485658249417365,,,"CJ Abrams",25768,682928
"Shea Langeliers","ATH",523,0.48035064473218486,,3.2921436137722844,5.7797045934767945,,2.7122022388698337,-0.9343865349536805,-0.7826881749289376,1.2321332166361254,46.637773513793945,2.903487764555832,,,"Shea Langeliers",25816,669127
"Corbin Carroll","ARI",642,2.849861858336906,,0.6725481487212972,3.1075936611567703,1.750882301065657,-0.9136277920490987,-0.2110725081206968,2.797214818555255,3.6383661131064096,,0.5121600785444487,,,"Corbin Carroll",25878,682998
"Michael Harris II","ATL",641,-0.5234274743985728,,3.0589479978392724,-1.049337801725968,7.742337584495544,-3.05275979794954,-1.0735109037623969,3.803839656592763,-3.316424290339152,,-0.5011050001023307,,,"Michael Harris II",25931,671739
"Riley Greene","DET",655,-0.3287362553062239,,1.466010898523937,0.08252681499080998,,-0.466735879858057,2.084660422208622,1.4991079520316146,-1.945314363197044,-10.853799432516098,0.35994090895721875,,,"Riley Greene",25976,682985
"Gunnar Henderson","BAL",651,1.606201998730923,,-0.7678158871539227,-0.054620214282198154,,-0.151550890219332,0.6371796636258141,-0.4654124451144306,2.51487604407377,46.637773513793945,0.4827542491378536,,,"Gunnar Henderson",26289,683002
"Josh Jung","TEX",511,-0.8429221536630015,,-0.8976979181170464,4.392900731828478,,-0.8165561915123225,-1.3482945168066605,1.4177026531913064,1.42602211442487,-29.58034873008728,0.9857417624673727,,,"Josh Jung",26299,673962
"Michael Busch","CHC",592,1.3601818529503171,,1.988037212474926,1.5527094037909257,,-1.210325793044208,0.8887313995040766,1.0000882461724594,4.114751352204217,5.241804718971252,3.9297783423049246,,,"Michael Busch",26319,683737
"Spencer Steer","CIN",568,-0.4206743288400492,,0.2761022824990122,0.7852547842523326,,-1.919369591606988,1.0337968744656456,-0.25003881290041163,-3.528741671114552,7.378960400819778,3.013496765723595,,,"Spencer Steer",26323,668715
"Agustín Ramírez","MIA",585,0.49261173915341905,,-1.7340805706561813,5.9306942499600925,-5.4223716259002686,-1.4529307295636433,-0.7256146250998953,-1.4176578135103792,-0.2655351205783732,14.697108268737793,0.08079240768413826,,,"Agustin Ramirez",26546,682663
"Elly De La Cruz","CIN",699,1.0612110225158764,,0.24157969782195116,-2.581665598112961,,0.1151220126299081,-0.02251096837254553,-0.0636111819342281,-2.1793924059186662,-0.7902901619672775,0.549046654103921,,,"Elly De La Cruz",26668,682829
"Spencer Torkelson","DET",649,1.5176971086108957,,-1.3379167375110446,-3.6245233872357536,,-0.29194170714824397,-0.518960579459389,0.7336678604284923,0.17068565443710046,23.318888247013092,2.7513341036709873,,,"Spencer Torkelson",27465,679529
"Tyler Soderstrom","ATH",624,0.27220727802441225,,0.2645923287828983,1.5071776390075684,10.199689865112305,-0.41581225264203414,0.7666570560954442,2.1420410517099744,-0.5718520054450402,,1.1830176006663928,,,"Tyler Soderstrom",27467,691016
"Masyn Winn","STL",537,-0.270053717467162,,-1.364886447003013,1.381801724433899,,-1.1003133432189032,-0.3637004332108931,-2.6796587815521455,-2.6811981812501564,-8.47879449526469,0.985805269633754,,,"Masyn Winn",27479,691026
"Alec Burleson","STL",546,0.31279552453173576,,-1.4919041087792355,2.653084616912039,13.203151027361551,-0.6043678740175759,2.0554564339773993,1.1610346504404574,2.9838747448391385,6.389373540878296,0.5807331775097136,,,"Alec Burleson",27615,676475
"Anthony Volpe","NYY",596,-0.5647372200851041,,1.3291824491400468,-1.1738965908686319,,-0.4281822859385367,-1.0682591250245,-0.3296239486593284,-6.69679713971687,,-1.5443756960440373,,,"Anthony Volpe",27647,683011
"Vinnie Pasquantino","KCR",682,0.12635641460177266,,1.4358607734121926,-1.2642621994018555,-6.116937100887299,0.16737590333829425,1.0010437388996503,1.289990009405674,-0.5202061363628933,,1.0322093262391931,,,"Vinnie Pasquantino",27676,686469
"Pete Crow-Armstrong","CHC",647,-0.5035862817869082,,3.5499884758466558,-4.766753924790249,,0.3072173737767917,-0.30990030084337505,3.9527037753117993,-1.9830996575562851,11.030633449554443,1.4901971648522905,,,"Pete Crow-Armstrong",27769,691718
"Junior Caminero","TBR",653,2.7521934367202956,,-2.4677206616882885,-0.856930265824,,-0.5258640703165307,1.0279536800001283,2.49513914418775,-0.6846536730611047,5.300348252058029,-1.107076787755557,,,"Junior Caminero",28163,691406
"Jackson Chourio","MIL",589,-0.6681147722647466,,-1.4622091595592395,8.538012755544562,,-0.9929665074958502,1.3510540553501675,-1.195325830887104,-3.908159488286728,,5.903505242389182,,,"Jackson Chourio",28806,694192
"James Wood","WSN",689,1.0234020868129319,,3.7057134840223522,2.6436944629835044,-7.381686568260193,1.2835970379057384,-0.12255234940273983,-0.10364607493584088,0.7177459076046944,,-0.4170292882776972,,,"James Wood",29518,695578
"Ben Rice","NYY",530,-0.05564393737949364,,2.259964644908905,3.381671568359992,,0.7550456694194249,0.3249579374488977,1.8953864679396526,-2.7120097478230796,,0.06417630483274875,,,"Ben Rice",29576,700250
"Sal Frelick","MIL",594,0.1521921596644115,,-2.733692169189453,2.545945797491511,23.451924324035645,0.41950551957046434,0.975999997803946,-0.12701322447578864,4.186095910913804,-23.571990430355072,2.8356185538231293,,,"Sal Frelick",29622,686217
"Caleb Durbin","MIL",506,-0.5013266422820557,,-0.03792610987434237,-0.64176423796292,-21.370044350624084,0.7196947690602895,0.14635118547938925,1.8044355347400576,1.7949598176138744,27.56156325340271,-0.929606071224919,,,"Caleb Durbin",29646,702332
"Matt McLain","CIN",577,0.4300451475726672,,0.2879175066037942,-3.3394253443157864,,-1.2645859983873713,-1.5979599918491356,-0.8519187658846735,1.890386067903959,46.637773513793945,0.3560564649386669,,,"Matt McLain",29695,680574
"Hunter Goodman","COL",579,0.22295516946614263,,-0.24085669022686074,0.9919400131979654,3.726886348290877,0.2674699027672955,0.9766669983559467,2.365171975929644,1.1752116244013717,-21.707597374916077,2.398861009021138,,,"Hunter Goodman",29715,696100
"Kyle Manzardo","CLE",531,0.4202085047381163,,-2.329966926574707,1.8868904435232783,,-2.141056134719257,1.381477897549853,1.724394162495931,0.6735945085309587,,0.16159483643828845,,,"Kyle Manzardo",29794,700932
"Seiya Suzuki","CHC",651,0.18789650284670253,,0.030277706313841416,7.3978195385057095,,0.46750351234718607,-0.23523940567553742,0.760773166281278,0.8056450180891083,-21.39546424150467,2.1388539561518916,,,"Seiya Suzuki",30116,673548
"Zach Neto","LAA",554,0.26956397669794113,,3.495523633336174,-0.7553664701325553,6.766472011804581,0.1718154391356274,-0.1280598757037827,0.36693407248144283,-1.5168187569598761,,1.494380123707471,,,"Zach Neto",31347,687263
"Jordan Beck","COL",588,0.9282281256129599,,0.4613230500040175,0.9500568875899682,-6.636425427028112,-0.29872824506061835,-0.7241695326445435,-0.8492643182927911,-1.3383608038832502,,1.9886468419965528,,,"Jordan Beck",31431,687597
"Brooks Lee","MIN",527,1.2806212301734539,,-0.8977329955910737,-0.9994837512140688,,0.21212979297805987,-3.2197301586469016,1.0948215055903163,-1.9870910379621718,-10.853798687458038,-2.1497365869121787,,,"Brooks Lee",31595,686797
"Jackson Holliday","BAL",649,-0.9827153795689597,,-2.390711823689569,-0.22318469835262675,,0.2536179953151279,1.4344538557585946,1.370467573909436,-1.9080713391304016,61.85978651046753,0.37624190097253757,,,"Jackson Holliday",31781,702616
"Nolan Schanuel","LAA",564,0.49994541319790264,,1.4509069989299217,0.2363458275794983,,0.7566901656600449,-0.2915400674898331,-0.5606014051555116,-0.7058490772505064,,-1.0642055589325574,,,"Nolan Schanuel",33189,694384
"Jung Hoo Lee","SFG",617,0.44372400393379813,,0.9582437929652986,1.1252819038018949,-6.244404911994934,0.35203612462991674,0.3479490070296383,-0.340969677557025,0.6624088837550237,4.815428331494331,0.5973219871520996,,,"Jung Hoo Lee",33824,808982