"last_name, first_name","player_id","year","pa","bip","ba","est_ba","est_ba_minus_ba_diff","slg","est_slg","est_slg_minus_slg_diff","woba","est_woba","est_woba_minus_woba_diff"
"Lindor, Francisco","596019","2025","732","520",0.267,0.263,0.0040000000000000036,0.466,0.448,0.018000000000000016,0.35,0.345,0.0050000000000000044
"Devers, Rafael","646240","2025","729","419",0.252,0.248,0.0040000000000000036,0.479,0.478,0.0010000000000000009,0.365,0.367,-0.0020000000000000018
"Ohtani, Shohei","660271","2025","727","426",0.282,0.278,0.003999999999999948,0.622,0.634,-0.01200000000000001,0.418,0.423,-0.0050000000000000044
"Schwarber, Kyle","656941","2025","724","408",0.24,0.255,-0.015000000000000013,0.563,0.572,-0.009000000000000008,0.391,0.402,-0.01100000000000001
"Olson, Matt","621566","2025","724","453",0.272,0.254,0.018000000000000016,0.484,0.482,0.0020000000000000018,0.366,0.36,0.006000000000000005
"Perdomo, Geraldo","672695","2025","720","533",0.29,0.279,0.010999999999999954,0.462,0.417,0.04500000000000004,0.37,0.355,0.015000000000000013
"Soto, Juan","665742","2025","715","447",0.263,0.291,-0.02799999999999997,0.525,0.595,-0.06999999999999995,0.39,0.427,-0.03699999999999998
"Rodríguez, Julio","677594","2025","710","502",0.267,0.276,-0.009000000000000008,0.474,0.474,0,0.341,0.346,-0.004999999999999949
"Arozarena, Randy","668227","2025","709","427",0.238,0.23,0.00799999999999998,0.426,0.408,0.018000000000000016,0.332,0.326,0.006000000000000005
"Alonso, Pete","624413","2025","709","471",0.272,0.278,-0.006000000000000005,0.524,0.56,-0.03600000000000003,0.368,0.385,-0.017000000000000015
"Raleigh, Cal","663728","2025","705","411",0.247,0.234,0.012999999999999984,0.589,0.535,0.05399999999999994,0.392,0.37,0.02200000000000002
"Rooker, Brent","667670","2025","699","473",0.262,0.266,-0.0040000000000000036,0.479,0.481,-0.0020000000000000018,0.349,0.352,-0.0030000000000000027
"De La Cruz, Elly","682829","2025","699","449",0.264,0.254,0.010000000000000009,0.44,0.421,0.019000000000000017,0.333,0.322,0.01100000000000001
"Duran, Jarren","680776","2025","696","455",0.256,0.252,0.0040000000000000036,0.442,0.403,0.03899999999999998,0.335,0.325,0.010000000000000009
"Ramos, Heliot","671218","2025","695","468",0.256,0.246,0.010000000000000009,0.4,0.409,-0.008999999999999952,0.319,0.319,0
"Kwan, Steven","680757","2025","693","575",0.272,0.274,-0.0020000000000000018,0.374,0.363,0.01100000000000001,0.31,0.309,0.0010000000000000009
"Tatis Jr., Fernando","665487","2025","691","467",0.268,0.274,-0.006000000000000005,0.446,0.48,-0.033999999999999975,0.353,0.368,-0.015000000000000013
"Wood, James","695578","2025","689","380",0.256,0.264,-0.008000000000000007,0.475,0.487,-0.01200000000000001,0.353,0.361,-0.008000000000000007
"Witt Jr., Bobby","677951","2025","687","505",0.295,0.289,0.006000000000000005,0.501,0.496,0.0050000000000000044,0.36,0.363,-0.0030000000000000027
"Adames, Willy","642715","2025","686","421",0.225,0.227,-0.0020000000000000018,0.421,0.427,-0.006000000000000005,0.321,0.326,-0.0050000000000000044
"Friedl, TJ","670770","2025","685","473",0.261,0.231,0.03,0.378,0.315,0.063,0.333,0.301,0.03200000000000003
"Pasquantino, Vinnie","686469","2025","682","519",0.264,0.263,0.0010000000000000009,0.475,0.456,0.01899999999999996,0.34,0.334,0.006000000000000005
"Guerrero Jr., Vladimir","665489","2025","680","499",0.292,0.305,-0.013000000000000012,0.467,0.498,-0.030999999999999972,0.366,0.384,-0.018000000000000016
"Judge, Aaron","592450","2025","679","388",0.331,0.303,0.028000000000000025,0.688,0.695,-0.007000000000000006,0.463,0.458,0.0050000000000000044
"Machado, Manny","592518","2025","678","489",0.275,0.275,0,0.46,0.487,-0.02699999999999997,0.341,0.355,-0.013999999999999957
"Arraez, Luis","650333","2025","675","618",0.292,0.287,0.0050000000000000044,0.392,0.358,0.03400000000000003,0.313,0.301,0.01200000000000001
"Ramírez, José","608070","2025","673","525",0.283,0.288,-0.0050000000000000044,0.503,0.442,0.061,0.359,0.342,0.01699999999999996
"Albies, Ozzie","645277","2025","667","514",0.24,0.244,-0.0040000000000000036,0.365,0.362,0.0030000000000000027,0.295,0.298,-0.0030000000000000027
"Garcia, Maikel","672580","2025","666","519",0.286,0.28,0.00599999999999995,0.449,0.418,0.031000000000000028,0.347,0.335,0.011999999999999955
"Happ, Ian","664023","2025","663","423",0.243,0.26,-0.017000000000000015,0.42,0.447,-0.027000000000000024,0.333,0.352,-0.01899999999999996
"Betts, Mookie","605141","2025","663","531",0.258,0.268,-0.010000000000000009,0.406,0.413,-0.006999999999999951,0.318,0.328,-0.010000000000000009
"Ward, Taylor","621493","2025","663","410",0.228,0.234,-0.006000000000000005,0.475,0.44,0.034999999999999976,0.339,0.331,0.008000000000000007
"Contreras, William","661388","2025","659","452",0.26,0.256,0.0040000000000000036,0.399,0.392,0.007000000000000006,0.332,0.331,0.0010000000000000009
"Turang, Brice","668930","2025","659","441",0.288,0.264,0.023999999999999966,0.435,0.423,0.01200000000000001,0.346,0.334,0.011999999999999955
"Suárez, Eugenio","553993","2025","657","399",0.228,0.212,0.016000000000000014,0.526,0.45,0.07600000000000001,0.347,0.316,0.030999999999999972
"Bellinger, Cody","641355","2025","656","507",0.272,0.254,0.018000000000000016,0.48,0.416,0.064,0.347,0.322,0.024999999999999967
"Greene, Riley","682985","2025","655","404",0.258,0.243,0.015000000000000013,0.493,0.488,0.0050000000000000044,0.343,0.335,0.008000000000000007
"Story, Trevor","596115","2025","654","438",0.263,0.25,0.013000000000000012,0.433,0.412,0.02100000000000002,0.32,0.309,0.01100000000000001
"Crawford, J.P.","641487","2025","654","455",0.265,0.268,-0.0030000000000000027,0.37,0.382,-0.01200000000000001,0.322,0.329,-0.007000000000000006
"Reynolds, Bryan","668804","2025","654","417",0.245,0.262,-0.017000000000000015,0.402,0.444,-0.04199999999999998,0.315,0.339,-0.02400000000000002
"Altuve, Jose","514888","2025","654","486",0.265,0.241,0.02400000000000002,0.442,0.382,0.06,0.331,0.301,0.030000000000000027
"Caminero, Junior","691406","2025","653","484",0.264,0.259,0.0050000000000000044,0.535,0.491,0.04400000000000004,0.357,0.344,0.013000000000000012
"Nimmo, Brandon","607043","2025","652","454",0.262,0.255,0.007000000000000006,0.436,0.413,0.02300000000000002,0.329,0.321,0.008000000000000007
"Díaz, Yandy","650490","2025","651","496",0.3,0.288,0.01200000000000001,0.482,0.454,0.02799999999999997,0.364,0.353,0.01100000000000001
"Henderson, Gunnar","683002","2025","651","445",0.274,0.278,-0.0040000000000000036,0.438,0.417,0.02100000000000002,0.339,0.339,0
"Suzuki, Seiya","673548","2025","651","415",0.245,0.252,-0.007000000000000006,0.478,0.482,-0.0040000000000000036,0.343,0.351,-0.007999999999999952
"Hoerner, Nico","663538","2025","649","554",0.297,0.293,0.0040000000000000036,0.394,0.384,0.010000000000000009,0.324,0.319,0.0050000000000000044
"Torkelson, Spencer","679529","2025","649","399",0.24,0.23,0.009999999999999981,0.456,0.45,0.006000000000000005,0.339,0.334,0.0050000000000000044
"Holliday, Jackson","702616","2025","649","447",0.242,0.245,-0.0030000000000000027,0.375,0.396,-0.02100000000000002,0.304,0.313,-0.009000000000000008
"Crow-Armstrong, Pete","691718","2025","647","454",0.247,0.246,0.0010000000000000009,0.481,0.468,0.012999999999999956,0.323,0.321,0.0020000000000000018
"Swanson, Dansby","621020","2025","645","428",0.244,0.269,-0.025000000000000022,0.417,0.474,-0.056999999999999995,0.31,0.344,-0.033999999999999975
"Yelich, Christian","592885","2025","644","407",0.264,0.248,0.016000000000000014,0.452,0.437,0.015000000000000013,0.343,0.332,0.01100000000000001
"Carroll, Corbin","682998","2025","642","415",0.259,0.265,-0.006000000000000005,0.541,0.521,0.020000000000000018,0.371,0.372,-0.0010000000000000009
"Perez, Salvador","521692","2025","641","473",0.236,0.272,-0.03600000000000003,0.446,0.522,-0.07600000000000001,0.311,0.356,-0.044999999999999984
"Harris II, Michael","671739","2025","641","494",0.249,0.272,-0.02300000000000002,0.409,0.433,-0.02400000000000002,0.289,0.315,-0.026000000000000023
"Walker, Christian","572233","2025","640","412",0.238,0.236,0.0020000000000000018,0.421,0.424,-0.0030000000000000027,0.31,0.312,-0.0020000000000000018
"Turner, Trea","607208","2025","639","484",0.304,0.272,0.03199999999999997,0.457,0.398,0.059,0.352,0.317,0.034999999999999976
"Abrams, CJ","682928","2025","635","459",0.257,0.248,0.009000000000000008,0.433,0.394,0.03899999999999998,0.324,0.308,0.016000000000000014
"Butler, Lawrence","671732","2025","630","392",0.234,0.232,0.0020000000000000018,0.404,0.387,0.017000000000000015,0.31,0.305,0.0050000000000000044
"Torres, Gleyber","650402","2025","628","438",0.256,0.272,-0.016000000000000014,0.387,0.453,-0.066,0.332,0.362,-0.02999999999999997
"Bichette, Bo","666182","2025","628","494",0.311,0.298,0.013000000000000012,0.483,0.465,0.01799999999999996,0.361,0.352,0.009000000000000008
"Freeman, Freddie","518692","2025","627","433",0.295,0.271,0.023999999999999966,0.502,0.46,0.04199999999999998,0.37,0.349,0.02100000000000002
"Soderstrom, Tyler","691016","2025","624","422",0.276,0.265,0.01100000000000001,0.474,0.448,0.025999999999999968,0.354,0.34,0.013999999999999957
"Pages, Andy","681624","2025","624","452",0.272,0.26,0.01200000000000001,0.461,0.423,0.038000000000000034,0.332,0.315,0.017000000000000015
"Edwards, Xavier","669364","2025","619","479",0.283,0.262,0.020999999999999963,0.353,0.329,0.023999999999999966,0.308,0.293,0.015000000000000013
"Lee, Jung Hoo","808982","2025","617","493",0.266,0.279,-0.013000000000000012,0.407,0.379,0.02799999999999997,0.32,0.319,0.0010000000000000009
"Lowe, Nathaniel","663993","2025","609","386",0.228,0.232,-0.0040000000000000036,0.381,0.369,0.01200000000000001,0.301,0.304,-0.0030000000000000027
"Naylor, Josh","647304","2025","604","465",0.295,0.272,0.022999999999999965,0.462,0.424,0.038000000000000034,0.351,0.332,0.01899999999999996
"Tucker, Kyle","663656","2025","597","416",0.266,0.274,-0.008000000000000007,0.464,0.475,-0.010999999999999954,0.363,0.371,-0.008000000000000007
"Volpe, Anthony","683011","2025","596","399",0.212,0.225,-0.013000000000000012,0.391,0.395,-0.0040000000000000036,0.286,0.299,-0.013000000000000012
"Lopez, Otto","672640","2025","594","465",0.246,0.271,-0.025000000000000022,0.368,0.426,-0.057999999999999996,0.295,0.328,-0.03300000000000003
"Frelick, Sal","686217","2025","594","456",0.288,0.256,0.03199999999999997,0.405,0.337,0.068,0.332,0.299,0.03300000000000003
"Ozuna, Marcell","542303","2025","592","350",0.232,0.241,-0.00899999999999998,0.4,0.438,-0.03799999999999998,0.334,0.352,-0.01799999999999996
"Busch, Michael","683737","2025","592","387",0.261,0.266,-0.0050000000000000044,0.523,0.539,-0.016000000000000014,0.369,0.378,-0.009000000000000008
"Chourio, Jackson","694192","2025","589","435",0.27,0.25,0.020000000000000018,0.463,0.416,0.04700000000000004,0.328,0.305,0.02300000000000002
"Castellanos, Nick","592206","2025","589","420",0.25,0.244,0.006000000000000005,0.4,0.398,0.0020000000000000018,0.3,0.3,0
"Beck, Jordan","687597","2025","588","366",0.258,0.233,0.024999999999999994,0.416,0.385,0.030999999999999972,0.319,0.299,0.020000000000000018
"Clement, Ernie","676391","2025","588","496",0.277,0.265,0.01200000000000001,0.398,0.357,0.041000000000000036,0.308,0.291,0.017000000000000015
"Rafaela, Ceddanne","678882","2025","587","434",0.249,0.246,0.0030000000000000027,0.414,0.408,0.006000000000000005,0.307,0.304,0.0030000000000000027
"Springer, George","543807","2025","586","391",0.309,0.295,0.014000000000000012,0.56,0.565,-0.004999999999999893,0.408,0.405,0.002999999999999947
"McMahon, Ryan","641857","2025","586","323",0.214,0.222,-0.008000000000000007,0.381,0.418,-0.03699999999999998,0.306,0.323,-0.017000000000000015
"Ramírez, Agustín","682663","2025","585","428",0.231,0.263,-0.032,0.413,0.451,-0.038000000000000034,0.302,0.332,-0.030000000000000027
"Correa, Carlos","621043","2025","584","425",0.276,0.282,-0.00599999999999995,0.402,0.435,-0.032999999999999974,0.322,0.339,-0.017000000000000015
"Nootbaar, Lars","663457","2025","583","394",0.234,0.235,-0.0009999999999999731,0.361,0.386,-0.025000000000000022,0.304,0.314,-0.010000000000000009
"Grisham, Trent","663757","2025","581","358",0.235,0.249,-0.014000000000000012,0.464,0.481,-0.01699999999999996,0.353,0.366,-0.013000000000000012
"Harper, Bryce","547180","2025","580","383",0.261,0.272,-0.01100000000000001,0.487,0.485,0.0020000000000000018,0.361,0.367,-0.006000000000000005
"Goodman, Hunter","696100","2025","579","390",0.278,0.247,0.031000000000000028,0.52,0.453,0.067,0.359,0.321,0.03799999999999998
"McLain, Matt","680574","2025","577","350",0.22,0.213,0.007000000000000006,0.343,0.347,-0.003999999999999948,0.286,0.287,-0.0010000000000000009
"Adell, Jo","666176","2025","573","376",0.236,0.263,-0.027000000000000024,0.485,0.535,-0.050000000000000044,0.333,0.363,-0.02999999999999997
"Langford, Wyatt","694671","2025","573","343",0.241,0.241,0,0.431,0.439,-0.008000000000000007,0.337,0.345,-0.007999999999999952
"Hayes, Ke'Bryan","663647","2025","570","418",0.235,0.24,-0.0050000000000000044,0.306,0.338,-0.03200000000000003,0.266,0.282,-0.01599999999999996
"Vargas, Miguel","678246","2025","569","407",0.234,0.239,-0.004999999999999977,0.401,0.394,0.007000000000000006,0.314,0.316,-0.0020000000000000018
"Steer, Spencer","668715","2025","568","383",0.238,0.22,0.017999999999999988,0.411,0.355,0.055999999999999994,0.316,0.292,0.02400000000000002
"Larnach, Trevor","663616","2025","567","387",0.25,0.249,0.0010000000000000009,0.404,0.392,0.01200000000000001,0.317,0.314,0.0030000000000000027
"India, Jonathan","663697","2025","567","394",0.233,0.241,-0.00799999999999998,0.346,0.373,-0.027000000000000024,0.301,0.315,-0.014000000000000012
"Diaz, Yainer","673237","2025","567","450",0.256,0.272,-0.016000000000000014,0.417,0.464,-0.04700000000000004,0.3,0.328,-0.028000000000000025
"Schanuel, Nolan","694384","2025","564","424",0.264,0.263,0.0010000000000000009,0.389,0.382,0.007000000000000006,0.327,0.326,0.0010000000000000009
"Contreras, Willson","575929","2025","563","353",0.257,0.26,-0.0030000000000000027,0.447,0.481,-0.033999999999999975,0.344,0.358,-0.014000000000000012
"Smith, Josh","669701","2025","563","399",0.251,0.251,0,0.366,0.367,-0.0010000000000000009,0.311,0.313,-0.0020000000000000018
"Stott, Bryson","681082","2025","560","414",0.257,0.248,0.009000000000000008,0.391,0.387,0.0040000000000000036,0.315,0.312,0.0030000000000000027
"Yastrzemski, Mike","573262","2025","558","376",0.233,0.24,-0.0069999999999999785,0.403,0.408,-0.004999999999999949,0.321,0.327,-0.006000000000000005
"Trout, Mike","545361","2025","556","284",0.232,0.239,-0.0069999999999999785,0.439,0.467,-0.028000000000000025,0.343,0.359,-0.01599999999999996
"Marte, Ketel","606466","2025","556","400",0.283,0.291,-0.008000000000000007,0.517,0.524,-0.007000000000000006,0.381,0.39,-0.009000000000000008
"Neto, Zach","687263","2025","554","358",0.257,0.254,0.0030000000000000027,0.474,0.486,-0.01200000000000001,0.337,0.343,-0.006000000000000005
"Lowe, Brandon","664040","2025","553","364",0.256,0.257,-0.0010000000000000009,0.477,0.474,0.0030000000000000027,0.334,0.336,-0.0020000000000000018
"Bogaerts, Xander","593428","2025","552","406",0.263,0.269,-0.006000000000000005,0.391,0.406,-0.015000000000000013,0.313,0.326,-0.013000000000000012
"McCutchen, Andrew","457705","2025","551","362",0.239,0.261,-0.02200000000000002,0.367,0.41,-0.04299999999999998,0.309,0.333,-0.02400000000000002
"Realmuto, J.T.","592663","2025","550","376",0.257,0.257,0,0.384,0.405,-0.02100000000000002,0.307,0.316,-0.009000000000000008
"García, Adolis","666969","2025","547","379",0.227,0.237,-0.009999999999999981,0.394,0.42,-0.025999999999999968,0.286,0.304,-0.018000000000000016
"Gurriel Jr., Lourdes","666971","2025","546","433",0.248,0.259,-0.01100000000000001,0.418,0.412,0.006000000000000005,0.307,0.314,-0.007000000000000006
"Hernández, Teoscar","606192","2025","546","382",0.247,0.252,-0.0050000000000000044,0.454,0.44,0.014000000000000012,0.315,0.319,-0.0040000000000000036
"Burleson, Alec","676475","2025","546","423",0.29,0.275,0.014999999999999958,0.459,0.461,-0.0020000000000000018,0.346,0.344,0.0020000000000000018
"Sheets, Gavin","657757","2025","545","389",0.252,0.266,-0.014000000000000012,0.429,0.446,-0.017000000000000015,0.323,0.339,-0.016000000000000014
"O'Hearn, Ryan","656811","2025","544","369",0.281,0.272,0.009000000000000008,0.437,0.425,0.01200000000000001,0.349,0.343,0.00599999999999995
"Cruz, Oneil","665833","2025","544","302",0.2,0.22,-0.01999999999999999,0.378,0.414,-0.035999999999999976,0.295,0.321,-0.026000000000000023
"Sosa, Lenyn","672820","2025","544","395",0.264,0.266,-0.0020000000000000018,0.434,0.461,-0.027000000000000024,0.313,0.326,-0.013000000000000012
"Peña, Jeremy","665161","2025","543","403",0.304,0.273,0.030999999999999972,0.477,0.427,0.04999999999999999,0.363,0.334,0.02899999999999997
"Buxton, Byron","621439","2025","542","346",0.264,0.252,0.01200000000000001,0.551,0.502,0.049000000000000044,0.367,0.348,0.019000000000000017
"Rengifo, Luis","650859","2025","541","401",0.238,0.261,-0.02300000000000002,0.335,0.37,-0.034999999999999976,0.275,0.3,-0.024999999999999967
"Doyle, Brenton","686668","2025","538","370",0.233,0.243,-0.009999999999999981,0.376,0.404,-0.028000000000000025,0.282,0.298,-0.016000000000000014
"Winn, Masyn","691026","2025","537","393",0.253,0.241,0.01200000000000001,0.363,0.34,0.022999999999999965,0.297,0.285,0.01200000000000001
"Chapman, Matt","656305","2025","535","332",0.231,0.247,-0.015999999999999986,0.43,0.415,0.015000000000000013,0.336,0.341,-0.0050000000000000044
"Semien, Marcus","543760","2025","534","386",0.23,0.245,-0.014999999999999986,0.364,0.392,-0.028000000000000025,0.295,0.318,-0.02300000000000002
"Goldschmidt, Paul","502671","2025","534","391",0.274,0.268,0.006000000000000005,0.403,0.44,-0.03699999999999998,0.316,0.328,-0.01200000000000001
"Bell, Josh","605137","2025","533","383",0.237,0.261,-0.02400000000000002,0.417,0.475,-0.057999999999999996,0.324,0.358,-0.033999999999999975
"Chisholm Jr., Jazz","665862","2025","531","319",0.242,0.238,0.0040000000000000036,0.481,0.476,0.0050000000000000044,0.349,0.347,0.0020000000000000018
"Manzardo, Kyle","700932","2025","531","340",0.234,0.226,0.008000000000000007,0.455,0.434,0.02100000000000002,0.329,0.321,0.008000000000000007
"Rice, Ben","700250","2025","530","369",0.255,0.29,-0.034999999999999976,0.499,0.55,-0.051000000000000045,0.358,0.395,-0.03700000000000003
"Lee, Brooks","686797","2025","527","400",0.236,0.235,0.0010000000000000009,0.37,0.362,0.008000000000000007,0.286,0.285,0.0010000000000000009
"García Jr., Luis","671277","2025","526","413",0.252,0.284,-0.03199999999999997,0.412,0.46,-0.04800000000000004,0.3,0.337,-0.03700000000000003
"Polanco, Jorge","593871","2025","524","397",0.265,0.27,-0.0050000000000000044,0.495,0.454,0.04099999999999998,0.35,0.341,0.008999999999999952
"Wilson, Jacob","805779","2025","523","450",0.311,0.278,0.032999999999999974,0.444,0.361,0.08300000000000002,0.348,0.303,0.044999999999999984
"Langeliers, Shea","669127","2025","523","383",0.277,0.256,0.02100000000000002,0.536,0.459,0.07700000000000001,0.364,0.33,0.033999999999999975
"Cronenworth, Jake","630105","2025","515","323",0.246,0.227,0.01899999999999999,0.377,0.348,0.029000000000000026,0.333,0.319,0.014000000000000012
"Donovan, Brendan","680977","2025","515","399",0.287,0.285,0.0020000000000000018,0.422,0.443,-0.02100000000000002,0.337,0.346,-0.008999999999999952
"Wagaman, Eric","676572","2025","514","381",0.25,0.263,-0.013000000000000012,0.378,0.417,-0.03899999999999998,0.293,0.315,-0.02200000000000002
"McKinstry, Zach","656716","2025","511","347",0.259,0.248,0.01100000000000001,0.438,0.349,0.08900000000000002,0.333,0.302,0.031000000000000028
"Jung, Josh","673962","2025","511","353",0.251,0.247,0.0040000000000000036,0.39,0.4,-0.010000000000000009,0.298,0.3,-0.0020000000000000018
"Ortiz, Joey","687401","2025","506","402",0.23,0.246,-0.015999999999999986,0.317,0.324,-0.007000000000000006,0.263,0.274,-0.01100000000000001
"Kirk, Alejandro","672386","2025","506","398",0.282,0.282,0,0.421,0.467,-0.04600000000000004,0.334,0.356,-0.021999999999999964
"Durbin, Caleb","702332","2025","506","402",0.256,0.255,0.0010000000000000009,0.387,0.355,0.03200000000000003,0.319,0.309,0.010000000000000009
"Meidroth, Chase","805367","2025","505","382",0.253,0.254,-0.0010000000000000009,0.32,0.325,-0.0050000000000000044,0.294,0.297,-0.0030000000000000027
"Bohm, Alec","664761","2025","504","388",0.287,0.279,0.007999999999999952,0.409,0.408,0.0010000000000000009,0.322,0.324,-0.0020000000000000018
"Lux, Gavin","666158","2025","503","333",0.269,0.243,0.026000000000000023,0.374,0.327,0.046999999999999986,0.322,0.296,0.026000000000000023
"Barger, Addison","680718","2025","502","341",0.243,0.259,-0.016000000000000014,0.454,0.454,0,0.322,0.331,-0.009000000000000008
"Bader, Harrison","664056","2025","501","315",0.277,0.223,0.05400000000000002,0.449,0.364,0.08500000000000002,0.346,0.295,0.05099999999999999
"Mullins, Cedric","656775","2025","498","324",0.216,0.209,0.007000000000000006,0.391,0.335,0.055999999999999994,0.302,0.284,0.018000000000000016
"Sánchez, Jesús","660821","2025","497","343",0.237,0.246,-0.009000000000000008,0.395,0.432,-0.03699999999999998,0.304,0.322,-0.018000000000000016
"Bregman, Alex","608324","2025","495","365",0.273,0.255,0.018000000000000016,0.462,0.416,0.04600000000000004,0.356,0.334,0.021999999999999964
"Smith, Cam","701358","2025","493","306",0.236,0.237,-0.0010000000000000009,0.358,0.371,-0.013000000000000012,0.298,0.304,-0.006000000000000005
"France, Ty","664034","2025","490","364",0.257,0.264,-0.007000000000000006,0.36,0.419,-0.059,0.302,0.329,-0.027000000000000024
"Kurtz, Nick","701762","2025","489","272",0.29,0.248,0.04199999999999998,0.619,0.525,0.09399999999999997,0.419,0.371,0.04799999999999999
"Laureano, Ramón","657656","2025","488","326",0.281,0.274,0.007000000000000006,0.512,0.504,0.008000000000000007,0.364,0.36,0.0040000000000000036
"Conforto, Michael","624424","2025","486","300",0.199,0.237,-0.03799999999999998,0.333,0.404,-0.07100000000000001,0.287,0.33,-0.04300000000000004
"Martínez, Angel","682657","2025","484","345",0.224,0.216,0.008000000000000007,0.359,0.31,0.04899999999999999,0.274,0.255,0.019000000000000017
"Merrill, Jackson","701538","2025","483","338",0.264,0.269,-0.0050000000000000044,0.457,0.485,-0.02799999999999997,0.331,0.348,-0.01699999999999996
"Kepler, Max","596146","2025","474","329",0.216,0.246,-0.03,0.391,0.43,-0.03899999999999998,0.3,0.329,-0.029000000000000026
"Santana, Carlos","467793","2025","474","328",0.219,0.217,0.0020000000000000018,0.325,0.334,-0.009000000000000008,0.284,0.287,-0.0030000000000000027
"Arias, Gabriel","672356","2025","471","275",0.22,0.217,0.0030000000000000027,0.363,0.383,-0.020000000000000018,0.278,0.288,-0.009999999999999953
"Benintendi, Andrew","643217","2025","470","344",0.24,0.238,0.0020000000000000018,0.431,0.426,0.0050000000000000044,0.317,0.32,-0.0030000000000000027
"Dingler, Dillon","693307","2025","469","326",0.278,0.293,-0.014999999999999958,0.425,0.469,-0.043999999999999984,0.326,0.351,-0.024999999999999967
"Thomas, Alek","677950","2025","469","321",0.249,0.245,0.0040000000000000036,0.37,0.368,0.0020000000000000018,0.287,0.289,-0.0020000000000000018
"Keith, Colt","690993","2025","468","316",0.256,0.26,-0.0040000000000000036,0.413,0.434,-0.02100000000000002,0.326,0.339,-0.013000000000000012
"Jeffers, Ryan","680777","2025","464","316",0.266,0.246,0.020000000000000018,0.397,0.394,0.0030000000000000027,0.333,0.325,0.008000000000000007
"Carpenter, Kerry","681481","2025","464","329",0.252,0.255,-0.0030000000000000027,0.497,0.483,0.014000000000000012,0.335,0.334,0.0010000000000000009
"Vientos, Mark","668901","2025","463","313",0.233,0.247,-0.013999999999999985,0.413,0.421,-0.008000000000000007,0.303,0.317,-0.014000000000000012
"Flores, Wilmer","527038","2025","463","334",0.241,0.227,0.013999999999999985,0.379,0.332,0.046999999999999986,0.302,0.282,0.020000000000000018
"Scott II, Victor","687363","2025","463","300",0.216,0.225,-0.009000000000000008,0.296,0.306,-0.010000000000000009,0.274,0.284,-0.009999999999999953
"McNeil, Jeff","643446","2025","462","350",0.243,0.268,-0.025000000000000022,0.411,0.386,0.024999999999999967,0.324,0.328,-0.0040000000000000036
"Moniak, Mickey","666160","2025","461","327",0.27,0.268,0.0020000000000000018,0.518,0.491,0.027000000000000024,0.348,0.339,0.008999999999999952
"Frazier, Adam","624428","2025","459","344",0.267,0.243,0.02400000000000002,0.365,0.324,0.04099999999999998,0.3,0.276,0.023999999999999966
"Kiner-Falefa, Isiah","643396","2025","459","360",0.262,0.246,0.016000000000000014,0.334,0.302,0.03200000000000003,0.279,0.262,0.017000000000000015
"Stowers, Kyle","669065","2025","457","279",0.288,0.27,0.01799999999999996,0.544,0.526,0.018000000000000016,0.386,0.375,0.01100000000000001
"Castro, Willi","650489","2025","454","292",0.226,0.236,-0.009999999999999981,0.366,0.359,0.007000000000000006,0.302,0.304,-0.0020000000000000018
"Herrera, Iván","671056","2025","452","308",0.284,0.279,0.004999999999999949,0.464,0.484,-0.019999999999999962,0.365,0.371,-0.006000000000000005
"Bailey, Patrick","672275","2025","452","286",0.222,0.211,0.01100000000000001,0.325,0.324,0.0010000000000000009,0.265,0.261,0.0040000000000000036
"O'Hoppe, Logan","681351","2025","451","286",0.213,0.231,-0.018000000000000016,0.371,0.416,-0.044999999999999984,0.273,0.3,-0.02699999999999997
"Pham, Tommy","502054","2025","449","303",0.245,0.249,-0.0040000000000000036,0.37,0.391,-0.02100000000000002,0.308,0.318,-0.010000000000000009
"Wells, Austin","669224","2025","448","294",0.219,0.217,0.0020000000000000018,0.436,0.394,0.04199999999999998,0.302,0.295,0.007000000000000006
"Riley, Austin","663586","2025","447","289",0.26,0.249,0.01100000000000001,0.428,0.458,-0.030000000000000027,0.318,0.328,-0.010000000000000009
"Vaughn, Andrew","683734","2025","447","333",0.254,0.275,-0.02100000000000002,0.411,0.465,-0.05400000000000005,0.311,0.346,-0.034999999999999976
"Baldwin, Drake","686948","2025","446","337",0.274,0.275,-0.0010000000000000009,0.469,0.473,-0.0040000000000000036,0.351,0.353,-0.0020000000000000018
"Narváez, Carlos","665966","2025","446","296",0.241,0.223,0.017999999999999988,0.419,0.376,0.04299999999999998,0.315,0.293,0.02200000000000002
"Seager, Corey","608369","2025","445","295",0.271,0.29,-0.01899999999999996,0.487,0.563,-0.07599999999999996,0.365,0.401,-0.03600000000000003
"Collins, Isaac","686555","2025","441","285",0.263,0.247,0.016000000000000014,0.411,0.349,0.062,0.344,0.319,0.024999999999999967
"Simpson, Chandler","802415","2025","441","376",0.295,0.294,0.0010000000000000009,0.345,0.336,0.008999999999999952,0.296,0.296,0
"Paredes, Isaac","670623","2025","438","304",0.254,0.236,0.018000000000000016,0.458,0.371,0.08700000000000002,0.353,0.318,0.034999999999999976
"Lukes, Nathan","664770","2025","438","338",0.255,0.261,-0.006000000000000005,0.407,0.385,0.021999999999999964,0.317,0.313,0.0040000000000000036
"Shaw, Matt","807713","2025","437","303",0.226,0.239,-0.012999999999999984,0.394,0.368,0.026000000000000023,0.3,0.3,0
"Báez, Javier","595879","2025","437","311",0.257,0.23,0.026999999999999996,0.398,0.352,0.04600000000000004,0.293,0.268,0.024999999999999967
"Smith, Will","669257","2025","436","278",0.296,0.272,0.023999999999999966,0.497,0.481,0.016000000000000014,0.389,0.376,0.013000000000000012
"Arenado, Nolan","571448","2025","436","356",0.237,0.245,-0.008000000000000007,0.377,0.36,0.017000000000000015,0.287,0.287,0
"Lowe, Josh","666139","2025","435","290",0.22,0.24,-0.01999999999999999,0.366,0.364,0.0020000000000000018,0.284,0.296,-0.01200000000000001
"Heim, Jonah","641680","2025","433","312",0.213,0.22,-0.007000000000000006,0.332,0.333,-0.0010000000000000009,0.266,0.272,-0.006000000000000005
"Baty, Brett","683146","2025","432","288",0.254,0.257,-0.0030000000000000027,0.435,0.453,-0.018000000000000016,0.324,0.335,-0.01100000000000001
"Robert Jr., Luis","673357","2025","431","274",0.223,0.25,-0.026999999999999996,0.364,0.421,-0.056999999999999995,0.289,0.322,-0.03300000000000003
"Domínguez, Jasson","691176","2025","429","270",0.257,0.239,0.018000000000000016,0.388,0.365,0.02300000000000002,0.316,0.306,0.010000000000000009
"Mangum, Jake","663968","2025","428","343",0.296,0.252,0.043999999999999984,0.368,0.333,0.034999999999999976,0.307,0.275,0.03199999999999997
"Freeman, Tyler","671289","2025","428","332",0.281,0.278,0.0030000000000000027,0.361,0.36,0.0010000000000000009,0.319,0.323,-0.0040000000000000036
"Marsh, Brandon","669016","2025","425","276",0.28,0.267,0.013000000000000012,0.443,0.426,0.017000000000000015,0.339,0.33,0.009000000000000008
"Schneemann, Daniel","682177","2025","422","264",0.206,0.219,-0.013000000000000012,0.354,0.385,-0.031000000000000028,0.28,0.298,-0.01799999999999996
"Aranda, Jonathan","666018","2025","422","266",0.316,0.294,0.02200000000000002,0.489,0.506,-0.017000000000000015,0.381,0.38,0.0010000000000000009
"Kelly, Carson","608348","2025","421","293",0.249,0.24,0.009000000000000008,0.428,0.405,0.022999999999999965,0.332,0.321,0.01100000000000001
"Abreu, Wilyer","677800","2025","417","276",0.247,0.245,0.0020000000000000018,0.469,0.469,0,0.334,0.335,-0.0010000000000000009
"Hays, Austin","669720","2025","416","279",0.266,0.237,0.029000000000000026,0.453,0.396,0.056999999999999995,0.327,0.299,0.028000000000000025
"Allen, Nick","669397","2025","416","283",0.221,0.219,0.0020000000000000018,0.251,0.262,-0.01100000000000001,0.245,0.249,-0.0040000000000000036
"Naylor, Bo","666310","2025","414","269",0.195,0.205,-0.009999999999999981,0.379,0.365,0.014000000000000012,0.289,0.293,-0.0040000000000000036
"Acuña Jr., Ronald","660670","2025","412","236",0.29,0.266,0.023999999999999966,0.518,0.526,-0.008000000000000007,0.403,0.396,0.007000000000000006
"Horwitz, Spencer","687462","2025","411","292",0.272,0.254,0.018000000000000016,0.434,0.4,0.033999999999999975,0.344,0.325,0.01899999999999996
"Isbel, Kyle","664728","2025","409","310",0.255,0.221,0.034,0.353,0.285,0.068,0.287,0.25,0.03699999999999998
"Gonzales, Nick","693304","2025","408","312",0.26,0.256,0.0040000000000000036,0.362,0.362,0,0.289,0.29,-0.0010000000000000009
"Lewis, Royce","668904","2025","403","298",0.237,0.244,-0.007000000000000006,0.388,0.391,-0.0030000000000000027,0.292,0.296,-0.0040000000000000036
"Quero, Edgar","700337","2025","403","296",0.268,0.237,0.031000000000000028,0.356,0.337,0.01899999999999996,0.307,0.287,0.020000000000000018
"Jones, Nolan","666134","2025","403","246",0.211,0.227,-0.016000000000000014,0.304,0.367,-0.063,0.27,0.301,-0.030999999999999972
"Gorman, Nolan","669357","2025","402","219",0.205,0.199,0.005999999999999978,0.37,0.381,-0.01100000000000001,0.292,0.296,-0.0040000000000000036
"Dubón, Mauricio","643289","2025","398","331",0.241,0.247,-0.006000000000000005,0.355,0.323,0.03199999999999997,0.283,0.275,0.007999999999999952
"Walker, Jordan","691023","2025","396","238",0.215,0.213,0.0020000000000000018,0.306,0.361,-0.05499999999999999,0.26,0.28,-0.020000000000000018
"Wallner, Matt","670242","2025","392","224",0.202,0.206,-0.003999999999999976,0.464,0.428,0.03600000000000003,0.334,0.325,0.009000000000000008
"Urías, Ramón","602104","2025","391","274",0.241,0.231,0.009999999999999981,0.384,0.366,0.018000000000000016,0.292,0.287,0.0050000000000000044
"Tovar, Ezequiel","678662","2025","390","270",0.253,0.264,-0.01100000000000001,0.4,0.433,-0.032999999999999974,0.301,0.319,-0.018000000000000016
"Hicks, Liam","689414","2025","390","282",0.247,0.245,0.0020000000000000018,0.346,0.343,0.002999999999999947,0.313,0.314,-0.0010000000000000009
"Pagés, Pedro","686780","2025","389","260",0.23,0.209,0.02100000000000002,0.363,0.331,0.03199999999999997,0.276,0.256,0.020000000000000018
"Muncy, Max","571970","2025","388","235",0.243,0.244,-0.0010000000000000009,0.47,0.496,-0.026000000000000023,0.366,0.377,-0.01100000000000001
"Clemens, Kody","665019","2025","386","259",0.213,0.246,-0.033,0.434,0.458,-0.02400000000000002,0.307,0.331,-0.02400000000000002
"Caratini, Victor","605170","2025","386","285",0.259,0.257,0.0020000000000000018,0.404,0.414,-0.009999999999999953,0.318,0.327,-0.009000000000000008
"Tauchman, Mike","643565","2025","385","250",0.263,0.247,0.016000000000000014,0.4,0.375,0.025000000000000022,0.335,0.32,0.015000000000000013
"Rocchio, Brayan","677587","2025","383","276",0.233,0.247,-0.013999999999999985,0.34,0.348,-0.007999999999999952,0.278,0.292,-0.013999999999999957
"Pérez, Wenceel","672761","2025","383","262",0.244,0.247,-0.0030000000000000027,0.43,0.393,0.03699999999999998,0.318,0.312,0.006000000000000005
"Meyers, Jake","676694","2025","381","280",0.292,0.272,0.019999999999999962,0.373,0.393,-0.020000000000000018,0.323,0.322,0.0010000000000000009
"Edman, Tommy","669242","2025","377","291",0.225,0.274,-0.049000000000000016,0.382,0.405,-0.02300000000000002,0.284,0.32,-0.03600000000000003
"Burger, Jake","669394","2025","376","266",0.236,0.25,-0.014000000000000012,0.419,0.47,-0.05099999999999999,0.295,0.324,-0.029000000000000026
"Triolo, Jared","669707","2025","376","259",0.227,0.242,-0.014999999999999986,0.356,0.379,-0.02300000000000002,0.296,0.311,-0.015000000000000013
"Profar, Jurickson","595777","2025","371","259",0.245,0.231,0.013999999999999985,0.434,0.38,0.05399999999999999,0.346,0.323,0.022999999999999965
"Caballero, José","676609","2025","370","222",0.236,0.22,0.015999999999999986,0.347,0.322,0.024999999999999967,0.309,0.296,0.013000000000000012
"Giménez, Andrés","665926","2025","369","267",0.21,0.252,-0.04200000000000001,0.313,0.358,-0.044999999999999984,0.269,0.307,-0.03799999999999998
"Rutschman, Adley","668939","2025","365","267",0.22,0.244,-0.023999999999999994,0.366,0.4,-0.03400000000000003,0.298,0.323,-0.025000000000000022
"Young, Jacob","696285","2025","364","269",0.231,0.261,-0.03,0.287,0.328,-0.041000000000000036,0.264,0.293,-0.02899999999999997
"Cowser, Colton","681297","2025","360","199",0.196,0.203,-0.007000000000000006,0.385,0.393,-0.008000000000000007,0.285,0.292,-0.007000000000000006
"Marte, Noelvi","682622","2025","360","256",0.263,0.247,0.016000000000000014,0.448,0.413,0.03500000000000003,0.321,0.304,0.017000000000000015
"Mountcastle, Ryan","663624","2025","357","240",0.25,0.256,-0.006000000000000005,0.367,0.418,-0.05099999999999999,0.284,0.311,-0.027000000000000024
"Westburg, Jordan","676059","2025","352","249",0.265,0.256,0.009000000000000008,0.457,0.451,0.006000000000000005,0.332,0.326,0.006000000000000005
"Lile, Daylen","695734","2025","351","269",0.299,0.305,-0.006000000000000005,0.498,0.442,0.055999999999999994,0.36,0.347,0.013000000000000012
"Schmitt, Casey","669477","2025","348","233",0.237,0.26,-0.02300000000000002,0.401,0.429,-0.02799999999999997,0.307,0.328,-0.02100000000000002
"Fermin, Freddy","666023","2025","347","261",0.251,0.235,0.016000000000000014,0.339,0.333,0.006000000000000005,0.28,0.271,0.009000000000000008
"Bleday, JJ","668709","2025","344","217",0.212,0.198,0.013999999999999985,0.404,0.342,0.062,0.302,0.277,0.024999999999999967
"Iglesias, Jose","578428","2025","343","256",0.229,0.239,-0.009999999999999981,0.294,0.31,-0.016000000000000014,0.268,0.279,-0.01100000000000001
"Stephenson, Tyler","663886","2025","342","187",0.231,0.221,0.010000000000000009,0.421,0.407,0.014000000000000012,0.319,0.313,0.006000000000000005
"Sanoja, Javier","691594","2025","342","280",0.243,0.252,-0.009000000000000008,0.396,0.335,0.061,0.294,0.279,0.014999999999999958
"Taylor, Tyrone","621438","2025","341","239",0.223,0.259,-0.036000000000000004,0.319,0.358,-0.03899999999999998,0.264,0.297,-0.032999999999999974
"Andujar, Miguel","609280","2025","341","274",0.318,0.261,0.056999999999999995,0.47,0.377,0.09299999999999997,0.354,0.297,0.056999999999999995
"Gonzalez, Romy","663853","2025","341","239",0.305,0.282,0.02300000000000002,0.483,0.478,0.0050000000000000044,0.352,0.347,0.0050000000000000044
"Toglia, Michael","669911","2025","337","176",0.19,0.202,-0.01200000000000001,0.353,0.348,0.0050000000000000044,0.265,0.271,-0.006000000000000005
"Jansen, Danny","643376","2025","337","205",0.215,0.201,0.013999999999999985,0.399,0.344,0.05500000000000005,0.318,0.296,0.02200000000000002
"Norby, Connor","681393","2025","337","224",0.251,0.244,0.007000000000000006,0.389,0.411,-0.021999999999999964,0.3,0.307,-0.007000000000000006
"Murphy, Sean","669221","2025","337","189",0.199,0.203,-0.0040000000000000036,0.409,0.399,0.009999999999999953,0.309,0.312,-0.0030000000000000027
"Myers, Dane","667472","2025","333","231",0.235,0.253,-0.018000000000000016,0.326,0.396,-0.07,0.275,0.309,-0.033999999999999975
"Bart, Joey","663698","2025","332","192",0.249,0.225,0.023999999999999994,0.34,0.373,-0.032999999999999974,0.317,0.318,-0.0010000000000000009
"Urías, Luis","649966","2025","330","245",0.23,0.235,-0.004999999999999977,0.338,0.337,0.0010000000000000009,0.293,0.298,-0.0050000000000000044
"Marte, Starling","516782","2025","329","230",0.27,0.249,0.02100000000000002,0.41,0.386,0.023999999999999966,0.326,0.316,0.010000000000000009
"Espinal, Santiago","669289","2025","328","268",0.243,0.229,0.013999999999999985,0.282,0.286,-0.0040000000000000036,0.259,0.254,0.0050000000000000044
"Hoskins, Rhys","656555","2025","328","194",0.237,0.224,0.012999999999999984,0.416,0.383,0.032999999999999974,0.324,0.314,0.010000000000000009
"Baldwin, Brooks","681460","2025","328","220",0.24,0.239,0.0010000000000000009,0.407,0.411,-0.0040000000000000036,0.302,0.308,-0.006000000000000005
"Higashioka, Kyle","543309","2025","327","233",0.241,0.237,0.0040000000000000036,0.403,0.385,0.018000000000000016,0.301,0.294,0.007000000000000006
"Sweeney, Trey","700242","2025","326","208",0.196,0.193,0.0030000000000000027,0.291,0.289,0.0020000000000000018,0.245,0.244,0.0010000000000000009
"Taylor, Michael A.","572191","2025","325","191",0.2,0.189,0.01100000000000001,0.366,0.368,-0.0020000000000000018,0.27,0.269,0.0010000000000000009
"Call, Alex","669743","2025","322","225",0.267,0.241,0.026000000000000023,0.385,0.356,0.029000000000000026,0.331,0.316,0.015000000000000013
"Crews, Dylan","686611","2025","322","217",0.208,0.238,-0.03,0.352,0.392,-0.040000000000000036,0.279,0.308,-0.02899999999999997
"Walls, Taylor","670764","2025","317","221",0.22,0.209,0.01100000000000001,0.319,0.3,0.019000000000000017,0.265,0.257,0.008000000000000007
"Rojas, Miguel","500743","2025","317","247",0.262,0.25,0.01200000000000001,0.397,0.353,0.04400000000000004,0.312,0.292,0.020000000000000018
"Soler, Jorge","624585","2025","315","188",0.215,0.208,0.007000000000000006,0.387,0.38,0.007000000000000006,0.298,0.295,0.0030000000000000027
"Tellez, Rowdy","642133","2025","312","209",0.228,0.238,-0.009999999999999981,0.443,0.473,-0.02999999999999997,0.307,0.329,-0.02200000000000002
"Moreno, Gabriel","672515","2025","309","226",0.285,0.28,0.004999999999999949,0.433,0.441,-0.008000000000000007,0.34,0.343,-0.0030000000000000027
"Pederson, Joc","592626","2025","306","201",0.181,0.224,-0.04300000000000001,0.328,0.379,-0.05099999999999999,0.276,0.312,-0.035999999999999976
"Morel, Christopher","666624","2025","305","169",0.219,0.216,0.0030000000000000027,0.396,0.417,-0.020999999999999963,0.299,0.305,-0.006000000000000005
"Anthony, Roman","701350","2025","303","174",0.292,0.261,0.030999999999999972,0.463,0.476,-0.012999999999999956,0.376,0.372,0.0040000000000000036
"Trevino, Jose","624431","2025","302","248",0.238,0.244,-0.006000000000000005,0.351,0.347,0.0040000000000000036,0.271,0.277,-0.006000000000000005
"Farmer, Kyle","571657","2025","300","213",0.227,0.23,-0.0030000000000000027,0.365,0.345,0.020000000000000018,0.282,0.283,-0.0010000000000000009
"Straw, Myles","664702","2025","299","229",0.262,0.252,0.010000000000000009,0.367,0.359,0.008000000000000007,0.299,0.292,0.007000000000000006
"Teel, Kyle","691019","2025","297","178",0.273,0.241,0.03200000000000003,0.411,0.414,-0.0030000000000000027,0.349,0.337,0.011999999999999955
"Williamson, Ben","810938","2025","295","215",0.253,0.241,0.01200000000000001,0.31,0.317,-0.007000000000000006,0.269,0.267,0.0020000000000000018
"Saggese, Thomas","695336","2025","295","195",0.258,0.242,0.016000000000000014,0.342,0.348,-0.00599999999999995,0.282,0.281,0.0009999999999999454
"Mayo, Coby","691723","2025","294","179",0.217,0.205,0.01200000000000001,0.388,0.356,0.03200000000000003,0.303,0.288,0.015000000000000013
"Hernández, Heriberto","681715","2025","294","183",0.266,0.246,0.020000000000000018,0.438,0.421,0.017000000000000015,0.341,0.331,0.010000000000000009
"Grichuk, Randal","545341","2025","293","214",0.228,0.262,-0.034,0.401,0.453,-0.05199999999999999,0.289,0.327,-0.038000000000000034
"Garver, Mitch","641598","2025","290","177",0.209,0.21,-0.0010000000000000009,0.343,0.367,-0.023999999999999966,0.284,0.297,-0.013000000000000012
"Moncada, Yoán","660162","2025","289","175",0.234,0.221,0.013000000000000012,0.448,0.408,0.040000000000000036,0.339,0.323,0.016000000000000014
"Smith, Pavin","656976","2025","288","154",0.258,0.218,0.04000000000000001,0.434,0.391,0.04299999999999998,0.348,0.319,0.02899999999999997
"Adams, Riley","656180","2025","286","153",0.186,0.211,-0.024999999999999994,0.308,0.346,-0.03799999999999998,0.25,0.275,-0.025000000000000022
"Montgomery, Colson","695657","2025","284","173",0.239,0.233,0.005999999999999978,0.529,0.489,0.040000000000000036,0.355,0.339,0.01599999999999996
"Toro, Abraham","647351","2025","284","222",0.239,0.253,-0.014000000000000012,0.371,0.37,0.0010000000000000009,0.286,0.301,-0.015000000000000013
"Davis, Henry","680779","2025","283","182",0.167,0.217,-0.04999999999999999,0.278,0.389,-0.11099999999999999,0.229,0.296,-0.06699999999999998
"Torrens, Luis","620443","2025","283","206",0.226,0.279,-0.05300000000000002,0.345,0.449,-0.10400000000000004,0.278,0.34,-0.062
"Díaz, Elias","553869","2025","283","186",0.204,0.204,0,0.337,0.323,0.014000000000000012,0.269,0.265,0.0040000000000000036
"Stanton, Giancarlo","519317","2025","281","154",0.273,0.238,0.03500000000000003,0.594,0.511,0.08299999999999996,0.395,0.354,0.041000000000000036
"Massey, Michael","686681","2025","277","224",0.244,0.239,0.0050000000000000044,0.313,0.338,-0.025000000000000022,0.254,0.262,-0.008000000000000007
"Alvarez, Francisco","682626","2025","277","173",0.256,0.232,0.023999999999999994,0.447,0.428,0.019000000000000017,0.343,0.326,0.017000000000000015
"House, Brady","691781","2025","274","188",0.234,0.257,-0.022999999999999993,0.322,0.362,-0.03999999999999998,0.248,0.281,-0.03300000000000003
"White, Eli","642201","2025","271","188",0.234,0.253,-0.01899999999999999,0.406,0.429,-0.022999999999999965,0.29,0.309,-0.019000000000000017
"Varsho, Daulton","662139","2025","271","176",0.238,0.229,0.00899999999999998,0.548,0.485,0.06300000000000006,0.345,0.326,0.01899999999999996
"Canzone, Dominic","686527","2025","269","187",0.3,0.295,0.0050000000000000044,0.481,0.517,-0.03600000000000003,0.361,0.373,-0.01200000000000001
"Ruiz, Keibert","660688","2025","267","230",0.247,0.272,-0.025000000000000022,0.318,0.348,-0.02999999999999997,0.262,0.286,-0.023999999999999966
"Alexander, Blaze","677942","2025","266","148",0.23,0.212,0.018000000000000016,0.383,0.363,0.020000000000000018,0.313,0.301,0.01200000000000001
"Peraza, Oswald","672724","2025","265","165",0.164,0.197,-0.033,0.25,0.302,-0.05199999999999999,0.214,0.248,-0.034
"Mead, Curtis","678554","2025","264","178",0.233,0.232,0.0010000000000000009,0.321,0.336,-0.015000000000000013,0.278,0.284,-0.00599999999999995
"Campbell, Kristian","692225","2025","263","158",0.223,0.221,0.0020000000000000018,0.345,0.33,0.014999999999999958,0.299,0.293,0.006000000000000005
"Sosa, Edmundo","624641","2025","261","192",0.276,0.25,0.026000000000000023,0.469,0.389,0.07999999999999996,0.332,0.291,0.041000000000000036
"Young, Cole","702284","2025","257","180",0.211,0.224,-0.013000000000000012,0.305,0.343,-0.038000000000000034,0.274,0.293,-0.01899999999999996
"Hernández, Enrique","571771","2025","256","170",0.203,0.223,-0.01999999999999999,0.366,0.388,-0.02200000000000002,0.268,0.287,-0.01899999999999996
"Benson, Will","666181","2025","253","169",0.226,0.264,-0.038000000000000006,0.435,0.495,-0.06,0.298,0.346,-0.04799999999999999
"Moore, Dylan","664238","2025","243","140",0.201,0.194,0.007000000000000006,0.374,0.323,0.05099999999999999,0.28,0.263,0.017000000000000015
"Fitzgerald, Tyler","666149","2025","243","154",0.217,0.193,0.023999999999999994,0.327,0.273,0.05399999999999999,0.269,0.24,0.029000000000000026
"Fortes, Nick","663743","2025","242","174",0.229,0.217,0.01200000000000001,0.349,0.317,0.03199999999999997,0.286,0.27,0.01599999999999996
"Wade Jr., LaMonte","664774","2025","242","154",0.167,0.207,-0.03999999999999998,0.254,0.311,-0.056999999999999995,0.241,0.279,-0.038000000000000034
"Carlson, Dylan","666185","2025","241","164",0.203,0.217,-0.013999999999999985,0.336,0.355,-0.01899999999999996,0.273,0.286,-0.012999999999999956
"Marsee, Jakob","805300","2025","234","162",0.292,0.278,0.013999999999999957,0.478,0.434,0.043999999999999984,0.363,0.346,0.017000000000000015
"Canario, Alexander","672744","2025","234","137",0.218,0.219,-0.0010000000000000009,0.338,0.393,-0.05499999999999999,0.27,0.291,-0.020999999999999963
"Caglianone, Jac","695506","2025","232","158",0.157,0.241,-0.08399999999999999,0.295,0.418,-0.123,0.239,0.319,-0.08000000000000002
"d'Arnaud, Travis","518595","2025","231","140",0.197,0.199,-0.0020000000000000018,0.343,0.364,-0.020999999999999963,0.263,0.274,-0.01100000000000001
"Schneider, Davis","676914","2025","227","129",0.234,0.192,0.04200000000000001,0.436,0.404,0.03199999999999997,0.351,0.324,0.02699999999999997
"Tawa, Tim","694374","2025","225","140",0.201,0.208,-0.0069999999999999785,0.347,0.358,-0.01100000000000001,0.273,0.287,-0.013999999999999957
"Smith, Dominic","642086","2025","225","166",0.284,0.254,0.02999999999999997,0.417,0.389,0.02799999999999997,0.325,0.304,0.02100000000000002
"McCarthy, Jake","664983","2025","222","170",0.204,0.241,-0.037000000000000005,0.345,0.369,-0.02400000000000002,0.256,0.285,-0.02899999999999997
"Santander, Anthony","623993","2025","221","134",0.175,0.189,-0.014000000000000012,0.294,0.295,-0.0010000000000000009,0.255,0.264,-0.009000000000000008
"Carter, Evan","694497","2025","220","153",0.247,0.248,-0.0010000000000000009,0.392,0.357,0.03500000000000003,0.321,0.31,0.01100000000000001
"Muncy, Max","691777","2025","220","139",0.214,0.207,0.007000000000000006,0.379,0.353,0.026000000000000023,0.277,0.268,0.009000000000000008
"Waters, Drew","671221","2025","219","146",0.243,0.232,0.010999999999999982,0.316,0.313,0.0030000000000000027,0.268,0.263,0.0050000000000000044
"Raley, Luke","670042","2025","219","123",0.202,0.214,-0.011999999999999983,0.311,0.351,-0.03999999999999998,0.291,0.311,-0.020000000000000018
"Duran, Ezequiel","677649","2025","219","152",0.224,0.216,0.008000000000000007,0.293,0.289,0.0040000000000000036,0.249,0.245,0.0040000000000000036
"Kemp, Otto","805249","2025","218","132",0.234,0.235,-0.0009999999999999731,0.411,0.41,0.0010000000000000009,0.308,0.309,-0.0010000000000000009
"Bauers, Jake","641343","2025","218","125",0.235,0.24,-0.0050000000000000044,0.399,0.451,-0.05199999999999999,0.333,0.355,-0.021999999999999964
"Fraley, Jake","641584","2025","217","142",0.241,0.251,-0.010000000000000009,0.382,0.368,0.014000000000000012,0.316,0.317,-0.0010000000000000009
"Misner, Kameron","670224","2025","217","131",0.213,0.191,0.021999999999999992,0.345,0.291,0.05399999999999999,0.272,0.244,0.028000000000000025
"Arcia, Orlando","606115","2025","214","157",0.202,0.213,-0.010999999999999982,0.291,0.292,-0.0010000000000000009,0.233,0.239,-0.005999999999999978
"Vázquez, Christian","543877","2025","214","157",0.189,0.211,-0.021999999999999992,0.274,0.299,-0.024999999999999967,0.248,0.269,-0.02100000000000002
"Meadows, Parker","678009","2025","213","136",0.215,0.229,-0.014000000000000012,0.33,0.342,-0.01200000000000001,0.277,0.292,-0.014999999999999958
"Schuemann, Max","680474","2025","213","152",0.197,0.23,-0.033,0.273,0.322,-0.04899999999999999,0.262,0.294,-0.03199999999999997
"Verdugo, Alex","657077","2025","213","166",0.239,0.27,-0.031000000000000028,0.289,0.371,-0.08200000000000002,0.264,0.309,-0.044999999999999984
"Rojas, Josh","668942","2025","211","144",0.18,0.21,-0.03,0.259,0.294,-0.034999999999999976,0.232,0.26,-0.027999999999999997
"O'Neill, Tyler","641933","2025","209","133",0.199,0.247,-0.04799999999999999,0.392,0.523,-0.131,0.297,0.363,-0.066
"Refsnyder, Rob","608701","2025","209","130",0.269,0.246,0.02300000000000002,0.484,0.445,0.03899999999999998,0.359,0.336,0.022999999999999965
"Julien, Edouard","666397","2025","208","123",0.22,0.247,-0.026999999999999996,0.324,0.419,-0.09499999999999997,0.286,0.33,-0.04400000000000004
"DeJong, Paul","657557","2025","208","126",0.228,0.196,0.032,0.373,0.34,0.032999999999999974,0.278,0.256,0.02200000000000002
"Alvarez Jr., Nacho","805373","2025","208","142",0.234,0.227,0.007000000000000006,0.33,0.294,0.03600000000000003,0.279,0.264,0.015000000000000013
"Keaschall, Luke","807712","2025","207","154",0.302,0.265,0.03699999999999998,0.445,0.37,0.07500000000000001,0.363,0.323,0.03999999999999998
"Ritter, Ryan","690022","2025","207","131",0.241,0.21,0.031,0.337,0.272,0.065,0.28,0.246,0.03400000000000003
"Hassell III, Robert","690987","2025","206","135",0.223,0.229,-0.006000000000000005,0.315,0.363,-0.04799999999999999,0.252,0.272,-0.020000000000000018
"Yoshida, Masataka","807799","2025","205","168",0.266,0.276,-0.010000000000000009,0.388,0.388,0,0.302,0.319,-0.017000000000000015
"Herrera, Jose","645444","2025","204","133",0.187,0.169,0.017999999999999988,0.259,0.224,0.035,0.251,0.237,0.014000000000000012
"Alvarez, Yordan","670541","2025","199","138",0.273,0.287,-0.013999999999999957,0.43,0.534,-0.10400000000000004,0.338,0.391,-0.05299999999999999
"Hernaiz, Darell","687231","2025","197","156",0.231,0.257,-0.025999999999999995,0.306,0.346,-0.03999999999999998,0.266,0.304,-0.03799999999999998
"Urshela, Gio","570482","2025","197","144",0.238,0.252,-0.014000000000000012,0.326,0.344,-0.01799999999999996,0.271,0.284,-0.012999999999999956
"Hamilton, David","666152","2025","194","133",0.198,0.211,-0.012999999999999984,0.333,0.31,0.02300000000000002,0.26,0.258,0.0020000000000000018
"Acuña, Luisangel","682668","2025","193","141",0.234,0.236,-0.001999999999999974,0.274,0.298,-0.023999999999999966,0.258,0.27,-0.01200000000000001
"Ibáñez, Andy","628451","2025","193","151",0.239,0.256,-0.017000000000000015,0.352,0.371,-0.019000000000000017,0.289,0.305,-0.016000000000000014
"Turner, Justin","457759","2025","191","136",0.219,0.237,-0.017999999999999988,0.314,0.352,-0.03799999999999998,0.268,0.294,-0.025999999999999968
"Koss, Christian","683766","2025","191","134",0.264,0.264,0,0.368,0.4,-0.03200000000000003,0.297,0.31,-0.013000000000000012
"Kim, Ha-Seong","673490","2025","191","134",0.234,0.244,-0.009999999999999981,0.345,0.346,-0.0010000000000000009,0.288,0.294,-0.006000000000000005
"Rosario, Amed","642708","2025","191","151",0.276,0.291,-0.014999999999999958,0.436,0.436,0,0.321,0.331,-0.010000000000000009
"Thaiss, Matt","642136","2025","190","112",0.218,0.197,0.02099999999999999,0.288,0.287,0.0010000000000000009,0.298,0.29,0.008000000000000007
"Wong, Connor","657136","2025","188","129",0.19,0.222,-0.032,0.238,0.294,-0.055999999999999994,0.23,0.266,-0.036000000000000004
"Loftin, Nick","679845","2025","188","144",0.208,0.235,-0.026999999999999996,0.357,0.361,-0.0040000000000000036,0.279,0.294,-0.014999999999999958
"Moore, Christian","695681","2025","184","102",0.198,0.207,-0.00899999999999998,0.37,0.345,0.025000000000000022,0.288,0.285,0.0030000000000000027
"Mauricio, Ronny","677595","2025","184","114",0.226,0.222,0.0040000000000000036,0.369,0.362,0.007000000000000006,0.29,0.286,0.0040000000000000036
"Pauley, Graham","688363","2025","184","127",0.224,0.226,-0.0020000000000000018,0.366,0.337,0.02899999999999997,0.3,0.299,0.0010000000000000009
"Matos, Luis","682641","2025","184","146",0.221,0.222,-0.0010000000000000009,0.424,0.364,0.06,0.296,0.275,0.020999999999999963
"Jackson, Jeremiah","669236","2025","183","120",0.276,0.225,0.05100000000000002,0.447,0.381,0.066,0.336,0.289,0.04700000000000004
"Haggerty, Sam","664059","2025","182","126",0.253,0.251,0.0020000000000000018,0.37,0.357,0.013000000000000012,0.307,0.303,0.0040000000000000036
"Martin, Austin","668885","2025","181","127",0.282,0.28,0.0019999999999999463,0.365,0.392,-0.027000000000000024,0.333,0.342,-0.009000000000000008
"Taveras, Leody","665750","2025","180","125",0.205,0.202,0.002999999999999975,0.304,0.309,-0.0050000000000000044,0.23,0.231,-0.0010000000000000009
"Hedges, Austin","595978","2025","180","118",0.161,0.178,-0.016999999999999987,0.277,0.278,-0.0010000000000000009,0.239,0.248,-0.009000000000000008
"Solano, Donovan","456781","2025","179","128",0.247,0.223,0.023999999999999994,0.337,0.312,0.025000000000000022,0.277,0.256,0.02100000000000002
"Suwinski, Jack","669261","2025","178","93",0.147,0.196,-0.049000000000000016,0.253,0.361,-0.10799999999999998,0.25,0.307,-0.056999999999999995
"Osuna, Alejandro","696030","2025","176","119",0.212,0.274,-0.06200000000000003,0.278,0.393,-0.11499999999999999,0.27,0.34,-0.07
"Mastrobuoni, Miles","670156","2025","175","129",0.25,0.281,-0.031000000000000028,0.296,0.367,-0.07100000000000001,0.282,0.321,-0.039000000000000035
"Rave, John","670231","2025","175","110",0.196,0.228,-0.032,0.307,0.345,-0.03799999999999998,0.267,0.302,-0.034999999999999976
"Heineman, Tyler","623168","2025","174","125",0.289,0.214,0.07499999999999998,0.416,0.291,0.125,0.341,0.272,0.069
"Rojas, Johan","679032","2025","172","119",0.224,0.228,-0.0040000000000000036,0.289,0.298,-0.009000000000000008,0.254,0.265,-0.01100000000000001
"Perkins, Blake","663368","2025","171","108",0.226,0.222,0.0040000000000000036,0.348,0.307,0.04099999999999998,0.287,0.271,0.01599999999999996
"Kim, Hyeseong","808975","2025","170","110",0.28,0.222,0.058000000000000024,0.385,0.306,0.07900000000000001,0.306,0.25,0.055999999999999994
"Tena, José","677588","2025","169","116",0.243,0.247,-0.0040000000000000036,0.355,0.353,0.0020000000000000018,0.296,0.301,-0.0050000000000000044
"Pozo, Yohel","650968","2025","168","139",0.231,0.246,-0.014999999999999986,0.375,0.347,0.028000000000000025,0.275,0.272,0.0030000000000000027
"Kjerstad, Heston","677008","2025","167","112",0.192,0.235,-0.04299999999999998,0.327,0.392,-0.065,0.248,0.292,-0.043999999999999984
"Estrada, Thairo","642731","2025","165","131",0.253,0.233,0.01999999999999999,0.37,0.316,0.05399999999999999,0.284,0.259,0.024999999999999967
"Maldonado, Martín","455117","2025","161","96",0.204,0.198,0.005999999999999978,0.327,0.35,-0.022999999999999965,0.251,0.256,-0.0050000000000000044
"Slater, Austin","596103","2025","160","98",0.216,0.252,-0.036000000000000004,0.372,0.472,-0.09999999999999998,0.28,0.334,-0.05399999999999999
"Clarke, Denzel","672016","2025","159","89",0.23,0.203,0.026999999999999996,0.372,0.32,0.05199999999999999,0.281,0.252,0.029000000000000026
"Fry, David","681807","2025","157","88",0.171,0.139,0.032,0.363,0.253,0.10999999999999999,0.258,0.204,0.05400000000000002
"Karros, Kyle","691720","2025","156","98",0.226,0.21,0.016000000000000014,0.277,0.263,0.014000000000000012,0.268,0.258,0.010000000000000009
"Rushing, Dalton","687221","2025","155","86",0.204,0.207,-0.0030000000000000027,0.324,0.366,-0.04199999999999998,0.256,0.282,-0.025999999999999968
"Noel, Jhonkensy","678877","2025","153","97",0.162,0.163,-0.0010000000000000009,0.297,0.283,0.014000000000000012,0.207,0.203,0.003999999999999976
"Roden, Alan","702176","2025","153","102",0.191,0.177,0.014000000000000012,0.294,0.236,0.057999999999999996,0.249,0.225,0.023999999999999994
"Jones, Jahmai","663330","2025","150","97",0.287,0.291,-0.0040000000000000036,0.55,0.535,0.015000000000000013,0.399,0.397,0.0020000000000000018
"Teodosio, Bryce","669326","2025","150","94",0.203,0.185,0.018000000000000016,0.304,0.257,0.046999999999999986,0.243,0.222,0.02099999999999999
"Hill, Derek","656537","2025","149","89",0.216,0.234,-0.018000000000000016,0.328,0.394,-0.066,0.272,0.303,-0.030999999999999972
"Wagner, Will","695238","2025","149","102",0.225,0.267,-0.04200000000000001,0.279,0.333,-0.05399999999999999,0.28,0.316,-0.035999999999999976
"Lockridge, Brandon","663604","2025","148","103",0.231,0.234,-0.0030000000000000027,0.299,0.307,-0.008000000000000007,0.254,0.264,-0.010000000000000009
"Outman, James","681546","2025","148","71",0.134,0.161,-0.026999999999999996,0.321,0.371,-0.04999999999999999,0.237,0.267,-0.030000000000000027
"Fernández, Yanquiel","692585","2025","147","95",0.225,0.193,0.032,0.348,0.307,0.04099999999999998,0.268,0.244,0.02400000000000002
"Bernabel, Warming","682653","2025","146","114",0.252,0.248,0.0040000000000000036,0.41,0.325,0.08499999999999996,0.301,0.269,0.03199999999999997
"Palacios, Joshua","641943","2025","145","93",0.203,0.225,-0.021999999999999992,0.305,0.355,-0.04999999999999999,0.271,0.299,-0.02799999999999997
"Rogers, Jake","668670","2025","142","87",0.187,0.197,-0.010000000000000009,0.333,0.313,0.020000000000000018,0.27,0.273,-0.0030000000000000027
"LeMahieu, DJ","518934","2025","142","93",0.266,0.248,0.018000000000000016,0.336,0.335,0.0010000000000000009,0.304,0.295,0.009000000000000008
"Thomas, Lane","657041","2025","142","83",0.16,0.17,-0.010000000000000009,0.272,0.273,-0.0010000000000000009,0.235,0.244,-0.009000000000000008
"Paris, Kyren","677347","2025","140","67",0.19,0.178,0.01200000000000001,0.381,0.345,0.03600000000000003,0.283,0.266,0.01699999999999996
"McGuire, Reese","624512","2025","140","109",0.226,0.209,0.017000000000000015,0.444,0.349,0.09500000000000003,0.29,0.251,0.03899999999999998
"Kayfus, C.J.","692216","2025","138","87",0.22,0.246,-0.025999999999999995,0.415,0.422,-0.007000000000000006,0.306,0.324,-0.018000000000000016
"Beavers, Dylan","687637","2025","137","75",0.227,0.216,0.01100000000000001,0.4,0.402,-0.0020000000000000018,0.347,0.344,0.0030000000000000027
"Encarnacion-Strand, Christian","687952","2025","137","100",0.208,0.208,0,0.377,0.39,-0.013000000000000012,0.261,0.269,-0.008000000000000007
"McCann, James","543510","2025","137","92",0.26,0.241,0.019000000000000017,0.431,0.41,0.02100000000000002,0.328,0.314,0.014000000000000012
"Mayer, Marcelo","691785","2025","136","87",0.228,0.214,0.014000000000000012,0.402,0.351,0.051000000000000045,0.29,0.267,0.022999999999999965
"Trammell, Taylor","666211","2025","135","77",0.197,0.189,0.008000000000000007,0.333,0.297,0.03600000000000003,0.282,0.268,0.013999999999999957
"Monasterio, Andruw","655316","2025","135","94",0.27,0.228,0.04200000000000001,0.437,0.365,0.07200000000000001,0.328,0.283,0.04500000000000004
"Mervis, Matt","670223","2025","134","71",0.175,0.148,0.026999999999999996,0.383,0.27,0.11299999999999999,0.274,0.226,0.048000000000000015
"Thomas, Colby","687515","2025","132","75",0.225,0.206,0.019000000000000017,0.417,0.371,0.045999999999999985,0.291,0.278,0.012999999999999956
"Del Castillo, Adrian","680728","2025","131","75",0.242,0.209,0.033,0.392,0.341,0.05099999999999999,0.295,0.267,0.02799999999999997
"Stallings, Jacob","607732","2025","129","80",0.134,0.168,-0.034,0.168,0.221,-0.05299999999999999,0.171,0.205,-0.033999999999999975
"Rodgers, Brendan","663898","2025","128","70",0.191,0.22,-0.028999999999999998,0.278,0.394,-0.11599999999999999,0.246,0.3,-0.05399999999999999
"Amador, Adael","691182","2025","128","89",0.177,0.22,-0.04300000000000001,0.265,0.296,-0.030999999999999972,0.238,0.269,-0.031000000000000028
"Rortvedt, Ben","666163","2025","128","92",0.152,0.185,-0.033,0.205,0.246,-0.04100000000000001,0.211,0.241,-0.03
"Rivera, Emmanuel","656896","2025","127","96",0.25,0.247,0.0030000000000000027,0.283,0.309,-0.026000000000000023,0.258,0.266,-0.008000000000000007
"Wade, Tyler","642180","2025","127","80",0.206,0.186,0.01999999999999999,0.252,0.224,0.027999999999999997,0.262,0.246,0.016000000000000014
"Malloy, Justyn-Henry","669234","2025","127","74",0.221,0.203,0.017999999999999988,0.308,0.31,-0.0020000000000000018,0.301,0.295,0.006000000000000005
"Bride, Jonah","681146","2025","125","74",0.17,0.178,-0.00799999999999998,0.188,0.237,-0.04899999999999999,0.203,0.225,-0.021999999999999992
"Canha, Mark","592192","2025","125","91",0.212,0.214,-0.0020000000000000018,0.265,0.296,-0.030999999999999972,0.244,0.266,-0.02200000000000002
"Wilson, Weston","642215","2025","125","78",0.198,0.255,-0.056999999999999995,0.369,0.43,-0.061,0.288,0.334,-0.04600000000000004
"Taylor, Chris","621035","2025","125","72",0.186,0.207,-0.02099999999999999,0.301,0.32,-0.019000000000000017,0.25,0.269,-0.019000000000000017
"Cabrera, Oswaldo","665828","2025","122","84",0.243,0.243,0,0.308,0.294,0.014000000000000012,0.286,0.282,0.0040000000000000036
"Johnston, Troy","687859","2025","121","86",0.277,0.277,0,0.42,0.453,-0.03300000000000003,0.328,0.339,-0.01100000000000001
"Freeman, Cody","683227","2025","121","97",0.228,0.245,-0.016999999999999987,0.342,0.324,0.018000000000000016,0.261,0.266,-0.0050000000000000044
"Vargas, Ildemaro","545121","2025","121","102",0.27,0.263,0.007000000000000006,0.383,0.374,0.009000000000000008,0.292,0.287,0.0050000000000000044
"Fulford, Braxton","690924","2025","120","75",0.213,0.2,0.012999999999999984,0.324,0.32,0.0040000000000000036,0.258,0.259,-0.0010000000000000009
"Marchán, Rafael","665561","2025","118","90",0.21,0.215,-0.0050000000000000044,0.305,0.289,0.016000000000000014,0.264,0.261,0.0030000000000000027
"Basallo, Samuel","694212","2025","118","79",0.165,0.218,-0.05299999999999999,0.33,0.374,-0.043999999999999984,0.246,0.286,-0.03999999999999998
"Newman, Kevin","621028","2025","116","92",0.202,0.211,-0.00899999999999998,0.272,0.28,-0.008000000000000007,0.209,0.217,-0.008000000000000007
"McCormick, Chas","676801","2025","116","75",0.21,0.229,-0.019000000000000017,0.29,0.361,-0.07100000000000001,0.257,0.295,-0.03799999999999998
"Locklear, Tyler","682988","2025","116","60",0.175,0.172,0.0030000000000000027,0.262,0.279,-0.017000000000000015,0.245,0.249,-0.0040000000000000036
"Robles, Victor","645302","2025","114","82",0.245,0.202,0.04299999999999998,0.33,0.279,0.05099999999999999,0.268,0.231,0.037000000000000005
"Clase, Jonatan","682729","2025","112","73",0.21,0.219,-0.009000000000000008,0.3,0.338,-0.038000000000000034,0.267,0.284,-0.01699999999999996
"Casas, Triston","671213","2025","112","72",0.182,0.209,-0.026999999999999996,0.303,0.384,-0.08100000000000002,0.256,0.295,-0.03899999999999998
"Martini, Nick","605361","2025","111","84",0.225,0.217,0.008000000000000007,0.294,0.285,0.009000000000000008,0.259,0.252,0.007000000000000006
"Rivas, Leo","660844","2025","111","66",0.244,0.183,0.061,0.333,0.262,0.07100000000000001,0.333,0.286,0.04700000000000004
"MacIver, Willie","680862","2025","111","75",0.186,0.201,-0.015000000000000013,0.324,0.295,0.029000000000000026,0.256,0.252,0.0040000000000000036
"Helman, Michael","680737","2025","110","81",0.232,0.181,0.05100000000000002,0.455,0.314,0.14100000000000001,0.319,0.246,0.07300000000000001
"Wynns, Austin","642851","2025","110","73",0.291,0.238,0.05299999999999999,0.544,0.432,0.11200000000000004,0.365,0.3,0.065
"Gasper, Mickey","681508","2025","110","77",0.158,0.166,-0.008000000000000007,0.232,0.235,-0.002999999999999975,0.229,0.233,-0.0040000000000000036
"Gilbert, Drew","687551","2025","109","81",0.19,0.216,-0.025999999999999995,0.35,0.327,0.022999999999999965,0.26,0.268,-0.008000000000000007
"Dezenzo, Zach","701305","2025","109","61",0.245,0.233,0.011999999999999983,0.367,0.422,-0.05499999999999999,0.306,0.32,-0.014000000000000012
"Renfroe, Hunter","592669","2025","108","79",0.182,0.195,-0.013000000000000012,0.242,0.317,-0.07500000000000001,0.219,0.255,-0.036000000000000004
"Berti, Jon","542932","2025","107","78",0.21,0.255,-0.04500000000000001,0.23,0.318,-0.088,0.226,0.279,-0.05300000000000002
"Williams, Carson","700246","2025","106","56",0.172,0.171,0.0009999999999999731,0.354,0.314,0.03999999999999998,0.248,0.235,0.013000000000000012
"Capra, Vinny","681962","2025","105","76",0.125,0.178,-0.05299999999999999,0.177,0.253,-0.07600000000000001,0.15,0.209,-0.059
"Hummel, Cooper","669450","2025","105","58",0.17,0.199,-0.028999999999999998,0.273,0.383,-0.10999999999999999,0.268,0.314,-0.045999999999999985
"Feduccia, Hunter","676439","2025","105","61",0.148,0.194,-0.04600000000000001,0.205,0.28,-0.07500000000000004,0.226,0.276,-0.05000000000000002
"Sogard, Nick","686765","2025","104","72",0.26,0.253,0.007000000000000006,0.344,0.366,-0.02200000000000002,0.295,0.299,-0.0040000000000000036
"Loperfido, Joey","694388","2025","104","70",0.333,0.265,0.068,0.5,0.393,0.10699999999999998,0.381,0.311,0.07
"Amaya, Miguel","665804","2025","103","76",0.281,0.247,0.03400000000000003,0.5,0.39,0.10999999999999999,0.346,0.295,0.05099999999999999
"Valdez, Enmanuel","665839","2025","102","75",0.209,0.257,-0.048000000000000015,0.363,0.41,-0.046999999999999986,0.29,0.328,-0.038000000000000034
"Gelof, Zack","680869","2025","101","48",0.174,0.148,0.025999999999999995,0.272,0.293,-0.020999999999999963,0.224,0.219,0.0050000000000000044
"Sánchez, Gary","596142","2025","101","65",0.231,0.246,-0.014999999999999986,0.418,0.42,-0.0020000000000000018,0.311,0.319,-0.008000000000000007
"Vierling, Matt","663837","2025","100","66",0.239,0.251,-0.01200000000000001,0.307,0.425,-0.118,0.278,0.333,-0.05499999999999999
"Jackson, Alex","656577","2025","100","54",0.22,0.186,0.034,0.473,0.376,0.09699999999999998,0.327,0.279,0.04799999999999999
"Cortes, Carlos","666126","2025","99","76",0.309,0.274,0.034999999999999976,0.543,0.443,0.10000000000000003,0.363,0.317,0.045999999999999985
"Escarra, J.C.","641555","2025","98","72",0.202,0.236,-0.033999999999999975,0.333,0.348,-0.014999999999999958,0.28,0.301,-0.020999999999999963
"Freeland, Alex","690976","2025","97","50",0.19,0.167,0.022999999999999993,0.31,0.287,0.02300000000000002,0.273,0.255,0.018000000000000016
"Bruján, Vidal","660644","2025","95","67",0.253,0.222,0.031,0.31,0.301,0.009000000000000008,0.275,0.258,0.017000000000000015
"Heyward, Jason","518792","2025","95","68",0.176,0.202,-0.026000000000000023,0.271,0.292,-0.020999999999999963,0.217,0.244,-0.026999999999999996
"Nuñez, Nasim","683083","2025","92","64",0.232,0.24,-0.00799999999999998,0.402,0.357,0.04500000000000004,0.304,0.293,0.01100000000000001
"Wilson, Will","669717","2025","91","49",0.192,0.151,0.04100000000000001,0.244,0.226,0.017999999999999988,0.236,0.212,0.023999999999999994
"Candelario, Jeimer","600869","2025","91","53",0.113,0.125,-0.011999999999999997,0.212,0.236,-0.023999999999999994,0.189,0.209,-0.01999999999999999
"Hampson, Garrett","641658","2025","91","51",0.143,0.151,-0.008000000000000007,0.169,0.194,-0.024999999999999994,0.205,0.218,-0.013000000000000012
"Eaton, Nate","681987","2025","90","64",0.296,0.248,0.04799999999999999,0.383,0.368,0.015000000000000013,0.322,0.296,0.026000000000000023
"Anderson, Tim","641313","2025","90","55",0.205,0.183,0.021999999999999992,0.241,0.235,0.006000000000000005,0.229,0.217,0.01200000000000001
"Knizner, Andrew","668800","2025","88","69",0.221,0.227,-0.006000000000000005,0.299,0.308,-0.009000000000000008,0.27,0.278,-0.008000000000000007
"Peguero, Liover","678894","2025","88","55",0.2,0.179,0.02100000000000002,0.362,0.292,0.07,0.281,0.246,0.03500000000000003
"Keirsey Jr., DaShawn","680577","2025","88","52",0.107,0.144,-0.03699999999999999,0.179,0.205,-0.025999999999999995,0.142,0.17,-0.028000000000000025
"Simon, Ronny","682927","2025","88","65",0.234,0.243,-0.00899999999999998,0.273,0.348,-0.07499999999999996,0.259,0.296,-0.03699999999999998
"Conine, Griffin","665052","2025","86","54",0.253,0.235,0.018000000000000016,0.418,0.374,0.043999999999999984,0.318,0.296,0.02200000000000002
"Gray, Tristan","656484","2025","86","61",0.231,0.262,-0.031,0.41,0.47,-0.06,0.298,0.351,-0.05299999999999999
"Harris, Brett","695391","2025","84","54",0.274,0.236,0.038000000000000034,0.342,0.303,0.039000000000000035,0.311,0.287,0.02400000000000002
"Johnson, Bryce","669369","2025","84","60",0.342,0.298,0.04400000000000004,0.434,0.399,0.034999999999999976,0.359,0.326,0.032999999999999974
"Biggio, Cavan","624415","2025","83","50",0.174,0.208,-0.034,0.246,0.315,-0.069,0.257,0.293,-0.035999999999999976
"Seymour, Bob","676044","2025","83","46",0.205,0.195,0.009999999999999981,0.282,0.26,0.021999999999999964,0.239,0.228,0.010999999999999982
"Mateo, Jorge","622761","2025","83","49",0.177,0.166,0.010999999999999982,0.266,0.243,0.02300000000000002,0.214,0.201,0.012999999999999984
"Winker, Jesse","608385","2025","81","51",0.229,0.21,0.019000000000000017,0.4,0.351,0.049000000000000044,0.301,0.281,0.019999999999999962
"Joe, Connor","656582","2025","80","52",0.186,0.219,-0.033,0.243,0.32,-0.07700000000000001,0.231,0.275,-0.04400000000000001
"Senger, Hayden","663584","2025","78","52",0.181,0.217,-0.036000000000000004,0.194,0.323,-0.129,0.19,0.259,-0.069
"Mitchell, Garrett","669003","2025","78","45",0.206,0.231,-0.025000000000000022,0.294,0.329,-0.03500000000000003,0.261,0.284,-0.022999999999999965
"Melton, Jacob","689200","2025","78","41",0.157,0.178,-0.02099999999999999,0.186,0.274,-0.08800000000000002,0.198,0.24,-0.04199999999999998
"Pereda, Jhonny","640902","2025","78","49",0.246,0.198,0.04799999999999999,0.333,0.277,0.055999999999999994,0.295,0.255,0.03999999999999998
"Haase, Eric","606992","2025","77","40",0.229,0.206,0.02300000000000002,0.357,0.34,0.01699999999999996,0.286,0.272,0.013999999999999957
"Rodríguez, Johnathan","671286","2025","77","49",0.197,0.227,-0.03,0.366,0.358,0.008000000000000007,0.273,0.284,-0.010999999999999954
"Barrosa, Jorge","678489","2025","77","52",0.141,0.165,-0.02400000000000002,0.225,0.23,-0.0050000000000000044,0.171,0.187,-0.015999999999999986
"Brown, Seth","664913","2025","76","42",0.185,0.197,-0.01200000000000001,0.262,0.336,-0.07400000000000001,0.265,0.296,-0.030999999999999972
"Robertson, Will","683770","2025","75","44",0.129,0.15,-0.02099999999999999,0.143,0.215,-0.07200000000000001,0.149,0.19,-0.04100000000000001
"Dunn, Blake","694362","2025","75","35",0.15,0.189,-0.03900000000000001,0.233,0.289,-0.055999999999999966,0.272,0.306,-0.033999999999999975
"Lawlar, Jordan","691783","2025","74","41",0.182,0.195,-0.013000000000000012,0.288,0.299,-0.01100000000000001,0.244,0.257,-0.013000000000000012
"Crim, Blaine","688760","2025","74","39",0.2,0.219,-0.01899999999999999,0.462,0.465,-0.0030000000000000027,0.309,0.325,-0.016000000000000014
"Pereira, Everson","677592","2025","73","38",0.138,0.163,-0.024999999999999994,0.246,0.298,-0.05199999999999999,0.212,0.243,-0.031
"Bouchard, Sean","656248","2025","73","39",0.167,0.178,-0.010999999999999982,0.242,0.229,0.012999999999999984,0.225,0.225,0
"Seigler, Anthony","678011","2025","73","48",0.194,0.242,-0.04799999999999999,0.21,0.339,-0.12900000000000003,0.239,0.305,-0.066
"Amaya, Jacob","676070","2025","73","54",0.106,0.175,-0.06899999999999999,0.121,0.224,-0.10300000000000001,0.12,0.196,-0.07600000000000001
"Chaparro, Andrés","665953","2025","73","45",0.182,0.186,-0.0040000000000000036,0.258,0.305,-0.046999999999999986,0.228,0.252,-0.023999999999999994
"Elko, Tim","671284","2025","72","37",0.134,0.163,-0.028999999999999998,0.328,0.33,-0.0020000000000000018,0.228,0.241,-0.012999999999999984
"Yorke, Nick","694377","2025","72","54",0.232,0.234,-0.0020000000000000018,0.319,0.311,0.008000000000000007,0.256,0.255,0.0010000000000000009
"Lugo, Matthew","683090","2025","70","45",0.232,0.223,0.009000000000000008,0.464,0.378,0.08600000000000002,0.299,0.263,0.035999999999999976
"Fermín, José","665877","2025","70","51",0.283,0.276,0.006999999999999951,0.417,0.358,0.059,0.352,0.329,0.022999999999999965
"Jensen, Carter","695600","2025","69","48",0.3,0.343,-0.04300000000000004,0.55,0.612,-0.061999999999999944,0.403,0.443,-0.03999999999999998
"Vivas, Jorbit","678391","2025","66","43",0.161,0.25,-0.089,0.25,0.322,-0.07200000000000001,0.242,0.305,-0.063
"Ballesteros, Moisés","694208","2025","66","45",0.298,0.268,0.02999999999999997,0.474,0.407,0.067,0.374,0.337,0.03699999999999998
"Campero, Gustavo","672569","2025","66","44",0.172,0.237,-0.065,0.345,0.39,-0.04500000000000004,0.277,0.32,-0.04299999999999998
"Kelenic, Jarred","672284","2025","65","37",0.167,0.187,-0.01999999999999999,0.3,0.392,-0.09200000000000003,0.236,0.279,-0.04300000000000004
"Church, Nathan","701675","2025","65","41",0.179,0.195,-0.016000000000000014,0.25,0.278,-0.028000000000000025,0.232,0.248,-0.015999999999999986
"Melendez, MJ","669004","2025","65","37",0.083,0.141,-0.05799999999999998,0.167,0.257,-0.09,0.151,0.209,-0.057999999999999996
"Maton, Nick","665155","2025","63","35",0.167,0.133,0.034,0.315,0.245,0.07,0.273,0.236,0.03700000000000003
"Wisely, Brett","689172","2025","63","42",0.185,0.197,-0.01200000000000001,0.315,0.328,-0.013000000000000012,0.267,0.278,-0.01100000000000001
"Acosta, Maximo","691185","2025","61","37",0.204,0.256,-0.05200000000000002,0.389,0.486,-0.09699999999999998,0.302,0.358,-0.055999999999999994
"Wiemer, Joey","686894","2025","61","34",0.236,0.243,-0.007000000000000006,0.436,0.458,-0.02200000000000002,0.297,0.308,-0.01100000000000001
"Hilliard, Sam","656541","2025","61","28",0.196,0.171,0.024999999999999994,0.412,0.362,0.04999999999999999,0.326,0.3,0.026000000000000023
"Gonzalez, Oscar","660757","2025","61","46",0.22,0.266,-0.04600000000000001,0.237,0.39,-0.15300000000000002,0.217,0.296,-0.07899999999999999
"DeLuca, Jonny","676356","2025","59","44",0.333,0.251,0.08200000000000002,0.456,0.322,0.134,0.35,0.264,0.08599999999999997
"Huff, Sam","669087","2025","58","29",0.208,0.192,0.015999999999999986,0.34,0.31,0.030000000000000027,0.261,0.256,0.0050000000000000044
"Stewart, Sal","701398","2025","58","40",0.255,0.291,-0.035999999999999976,0.545,0.62,-0.07499999999999996,0.355,0.4,-0.04500000000000004
"Tolbert, Tyler","686475","2025","57","42",0.28,0.256,0.02400000000000002,0.38,0.323,0.056999999999999995,0.305,0.304,0.0010000000000000009
"Johnson, Daniel","669288","2025","57","40",0.189,0.237,-0.04799999999999999,0.302,0.393,-0.09100000000000003,0.243,0.297,-0.05399999999999999
"Rodríguez, Endy","682848","2025","57","38",0.173,0.193,-0.020000000000000018,0.25,0.282,-0.03199999999999997,0.226,0.247,-0.02099999999999999
"Short, Zack","670097","2025","56","33",0.22,0.172,0.048000000000000015,0.38,0.263,0.11699999999999999,0.295,0.233,0.06199999999999997
"Encarnacion, Jerar","666464","2025","56","40",0.2,0.256,-0.055999999999999994,0.364,0.423,-0.059,0.247,0.295,-0.04799999999999999
"Jung, Jace","690291","2025","55","31",0.106,0.168,-0.06200000000000001,0.106,0.214,-0.108,0.181,0.242,-0.061
"Millas, Drew","686452","2025","55","43",0.306,0.285,0.02100000000000002,0.449,0.354,0.09500000000000003,0.35,0.307,0.04299999999999998
"Fairchild, Stuart","656413","2025","55","36",0.216,0.198,0.017999999999999988,0.333,0.352,-0.01899999999999996,0.266,0.266,0
"Maile, Luke","571912","2025","54","31",0.244,0.262,-0.018000000000000016,0.356,0.412,-0.055999999999999994,0.316,0.344,-0.02799999999999997
"Vázquez, Luis","676679","2025","53","36",0.16,0.22,-0.06,0.24,0.361,-0.121,0.201,0.273,-0.07200000000000001
"Fitzgerald, Ryan","680837","2025","53","38",0.196,0.224,-0.027999999999999997,0.457,0.45,0.007000000000000006,0.328,0.339,-0.01100000000000001
"Cole, Zach","805904","2025","52","27",0.255,0.199,0.055999999999999994,0.553,0.423,0.13000000000000006,0.373,0.303,0.07
"De La Cruz, Bryan","650559","2025","50","29",0.191,0.207,-0.015999999999999986,0.213,0.305,-0.092,0.208,0.247,-0.03900000000000001
"Jankowski, Travis","608671","2025","50","35",0.244,0.236,0.008000000000000007,0.289,0.268,0.020999999999999963,0.256,0.249,0.007000000000000006
"Palacios, Richie","680700","2025","48","34",0.333,0.314,0.019000000000000017,0.452,0.432,0.020000000000000018,0.369,0.356,0.013000000000000012
"Valera, George","671655","2025","48","28",0.22,0.187,0.033,0.415,0.271,0.14399999999999996,0.33,0.269,0.061
"Handley, Maverick","668974","2025","47","26",0.073,0.125,-0.052000000000000005,0.073,0.176,-0.103,0.106,0.171,-0.06500000000000002
"Young, Jared","676724","2025","47","28",0.186,0.207,-0.02099999999999999,0.488,0.456,0.03199999999999997,0.301,0.3,0.0010000000000000009
"Crooks, Jimmy","699625","2025","46","28",0.133,0.185,-0.05199999999999999,0.244,0.315,-0.07100000000000001,0.171,0.223,-0.05199999999999999
"Barnes, Austin","605131","2025","44","29",0.214,0.231,-0.017000000000000015,0.286,0.304,-0.018000000000000016,0.227,0.243,-0.015999999999999986
"Trejo, Alan","676701","2025","43","35",0.175,0.206,-0.031,0.225,0.333,-0.10800000000000001,0.181,0.239,-0.057999999999999996
"Brooks, Trenton","670092","2025","43","28",0.146,0.212,-0.066,0.268,0.326,-0.057999999999999996,0.199,0.251,-0.05199999999999999
"Harris, Dustin","687957","2025","43","27",0.2,0.19,0.010000000000000009,0.35,0.288,0.062,0.265,0.238,0.027000000000000024
"Pillar, Kevin","607680","2025","43","35",0.209,0.209,0,0.256,0.283,-0.02699999999999997,0.202,0.211,-0.00899999999999998
"Cameron, Daz","663662","2025","42","28",0.195,0.223,-0.027999999999999997,0.293,0.366,-0.07300000000000001,0.221,0.261,-0.04000000000000001
"Gorski, Matt","685301","2025","42","25",0.195,0.195,0,0.39,0.373,0.017000000000000015,0.256,0.251,0.0050000000000000044
"Bryant, Kris","592178","2025","41","26",0.154,0.162,-0.008000000000000007,0.205,0.293,-0.088,0.181,0.215,-0.034
"Nola, Austin","543592","2025","41","34",0.184,0.26,-0.07600000000000001,0.211,0.313,-0.10200000000000001,0.198,0.272,-0.07400000000000001
"Dunn, Oliver","686554","2025","41","28",0.167,0.223,-0.055999999999999994,0.222,0.262,-0.04000000000000001,0.19,0.237,-0.046999999999999986
"Lee, Korey","686676","2025","40","29",0.257,0.187,0.07,0.429,0.292,0.137,0.333,0.254,0.07900000000000001
"Gurriel, Yuli","493329","2025","40","28",0.111,0.132,-0.021000000000000005,0.139,0.166,-0.026999999999999996,0.167,0.187,-0.01999999999999999
"Alfaro, Jorge","595751","2025","39","25",0.256,0.239,0.017000000000000015,0.308,0.317,-0.009000000000000008,0.245,0.241,0.0040000000000000036
"Mesa Jr., Victor","683748","2025","38","28",0.188,0.233,-0.04500000000000001,0.344,0.419,-0.07500000000000001,0.288,0.333,-0.04500000000000004
"Nido, Tomás","621512","2025","37","26",0.343,0.269,0.07400000000000001,0.343,0.333,0.010000000000000009,0.314,0.274,0.03999999999999998
"Fletcher, Dominic","666150","2025","34","30",0.219,0.254,-0.035,0.469,0.374,0.09499999999999997,0.311,0.294,0.017000000000000015